AcX,AcY,AcZ,GyX,GyY,GyZ,bpm,label
13160,12400,5036,-8467,20987,-32768,69.1,
1052,5532,5916,-11115,22834,-32768,65.1,
-15000,700,7268,-3393,15034,-21790,67.0,
-27488,5464,5916,-9237,-418,-12122,68.3,
-22196,6780,9548,-18160,-16355,-4242,70.6,
-10668,2292,13764,-18466,-19442,30894,64.2,
-7080,-6344,11196,-13658,-15987,32767,71.0,
-1956,-7904,4968,-3692,-8857,32767,65.0,
4728,-14344,9152,-10015,-962,22293,65.9,
1604,-10244,8844,7239,8203,3300,67.1,
-5908,-14832,10816,-6383,5226,-5125,66.6,
-3308,-17860,18164,5735,9358,-14546,67.3,
-12964,-11900,17516,16604,7989,-14370,74.6,
-12656,-480,13548,16127,3454,-13931,60.2,
-18272,-920,14312,3081,2938,-4686,63.1,
-4868,-4968,2696,-9824,8717,6757,71.3,
-11140,-12000,10012,-2326,23629,5719,63.2,
-14416,-6740,2064,163,12524,2206,62.4,
-17760,-4280,1800,8867,-350,-3842,69.2,
-13640,-4124,2224,-10420,-9765,-1629,69.5,
-11788,-6752,1896,-19972,-10740,-5260,67.7,
-13388,-9824,1480,-10769,-1473,-8614,56.7,
-13848,-11228,3112,26892,11325,-10954,66.9,
-14464,-5392,-792,32767,7313,-7682,58.4,
-15700,-3780,2464,8209,3457,829,67.7,
-12832,-3456,3760,6405,2412,-3076,69.6,
-13372,-8076,3568,-2152,398,-2648,68.4,
-11392,-11184,4876,7628,2733,-2285,60.5,
-20664,-9240,-944,9283,-4375,-2858,65.8,
-15388,-6684,460,2004,-5902,-16401,67.7,
-14288,-6696,536,5711,-2802,-13643,59.6,
-13884,-7480,1260,9267,1829,-938,80.0,
-17188,-2872,400,9412,5512,3279,77.9,
-13288,-6464,7624,-75,10209,14859,68.3,
-15748,-6336,-1372,-22167,4561,21454,68.0,
-13076,-2220,5460,18245,10918,-1792,69.1,
-13448,-2924,5948,-5436,1047,863,65.7,
-13632,-3564,6468,554,-1959,-4365,68.9,
-13976,-5028,2476,-18710,-6233,-9240,73.7,
-17908,-9344,1956,-3632,514,-15430,70.9,
-16208,-10336,2496,12358,1746,-11809,61.8,
-15412,-8376,1340,9683,-3395,-5379,67.4,
-13144,-5740,3068,6834,-5156,-7472,62.2,
-11864,-4968,864,-9395,-7657,322,65.8,
-12076,-7504,1968,-7711,-2811,9628,61.0,
-13200,-8096,3900,-14969,186,5140,69.3,
-11776,-7208,6088,977,2660,-4115,81.0,
-20116,-6228,3732,1387,-3141,-7030,68.3,
-19360,-7712,3288,892,-3109,-12520,69.4,
-18640,-4352,-348,-9133,-9599,-13561,69.9,
-10644,-5936,1468,-5299,-5697,-13556,64.1,
-12872,-6256,816,5925,-3625,-2390,64.5,
-12548,-4188,272,-4978,-9999,13454,65.8,
-27172,-8916,-10808,-32768,-21979,31077,73.3,
-10464,-4672,3568,23057,12224,15507,70.0,
-14324,-7308,-1668,-31666,-5784,3576,67.6,
-11992,-9348,2360,-24240,811,12249,67.4,
-17680,-7904,4124,-10881,7246,9614,83.6,
-18124,-10328,7040,-9627,5365,2327,65.7,
-12464,-5160,2892,-894,-4051,-7120,67.8,
-22328,-7372,-632,3405,-8976,-10606,63.2,
-14564,-7740,2772,-7331,-8139,-12128,66.8,
-18248,-7164,-216,8670,-5159,-12684,68.8,
-12076,-7840,3700,6696,-1106,-9991,65.0,
-11380,-5448,2052,24798,10760,-3340,69.0,
-15124,-7684,780,-32768,1475,18836,69.8,
-14816,-7896,1980,5840,6700,-1229,71.9,
-13664,-108,3632,871,2737,-4707,66.2,
-11352,-5632,7484,-7566,2455,-2055,69.3,
-14128,-2808,5612,11936,2613,-2917,68.1,
-15804,-6080,5300,7242,-2802,-2098,63.8,
-17892,-4632,648,-871,-18718,838,65.6,
-19968,-13332,3340,-19666,-18816,-14964,64.2,
-15004,-10764,1052,3834,-7934,-22333,66.7,
-11920,-10180,-196,193,-2378,-20877,67.1,
-11832,-17428,4316,15297,24950,-22334,68.4,
-14960,13872,15888,32767,2329,-5715,63.7,
-996,-18336,3532,-4694,-6901,-5638,69.4,
4292,-7968,5152,-4078,-3535,1150,66.2,
6348,-20048,9052,13348,4050,4791,64.0,
3500,-32768,7088,-17953,-1780,-4425,69.9,
708,-4684,2384,-17645,-489,-2170,80.0,
7796,-19344,5024,17469,10675,3945,78.2,
5352,-19992,9532,32504,9429,5384,69.4,
-8788,1152,5068,10934,15022,22128,64.5,
-22116,-6496,-412,5345,12854,10975,68.9,
-15156,-5280,5312,-14252,126,11247,70.2,
-12176,-5800,7264,11465,2615,2278,68.3,
-14280,-4096,4796,9555,-1893,-5471,68.0,
-20312,-6600,5452,11782,-5653,-12508,63.8,
-24744,-8208,-100,7801,-13955,-16489,66.9,
-12948,-5368,-1912,-22553,-15011,-21571,61.0,
-16240,-9328,900,-2401,-2173,-21041,62.1,
-14364,-1792,3052,6598,3007,-4634,67.4,
-9584,2744,4948,11257,7128,9373,76.3,
-15600,-10988,5832,10573,6077,19701,64.5,
-18184,-6000,2196,-4560,5153,7569,68.0,
-7544,-10140,3924,8547,759,398,68.3,
-13784,-7576,3508,12117,-3380,-11323,68.9,
-19876,-5684,1968,2779,-11152,-15671,55.4,
-14652,-6592,2948,637,-8664,-20266,61.5,
-15248,-3700,8,3842,-7837,-20240,65.1,
-8792,-6700,8624,-18068,-6757,-275,66.5,
-16540,-6816,3200,-3062,-918,8223,67.7,
-7636,-9920,4640,-6372,-3607,16985,68.2,
-14024,-11688,2488,-16359,-10083,16746,65.3,
-3492,-9136,-1144,-32768,-3714,4604,65.1,
-3824,-22212,4256,-3312,6101,-884,66.9,
-15464,-18552,3516,-7226,-5256,-6910,71.0,
-11176,-11768,6012,5677,-2088,-17320,71.4,
-13184,-10192,3568,-717,349,-8033,67.8,
-10096,-11032,3592,5437,-45,-3559,73.6,
-12924,-4888,-64,5792,-5379,3471,77.8,
-13724,-7392,-220,-8588,-8503,16647,67.1,
-15844,-13900,1892,-25115,-11825,32126,68.0,
-12940,-7360,2152,-4104,3247,3962,67.4,
-13940,-10620,5540,-13642,963,-1554,68.9,
-12592,-7544,3596,-2406,2180,-5223,69.3,
-13200,-5228,-160,2972,560,-14639,62.3,
-21568,-3752,-1512,-6497,-3634,-21311,59.7,
-13156,-6428,752,-11865,-4918,-14498,71.6,
-10944,-5068,100,-1279,-8868,-3628,68.1,
-15312,-16004,2400,3501,-16926,7104,67.2,
-18456,-15660,3532,-30380,-26831,19167,66.5,
-13060,-12380,12836,-6752,-24348,-1750,64.9,
-10808,-9336,1156,-11772,-26496,-8717,68.5,
-2252,-9088,204,-13388,-24086,-6411,65.4,
23496,-8188,-10032,-1719,-20142,12503,61.8,
19700,-27464,-1196,-24784,5380,-7127,66.1,
5020,-14624,-4228,-5957,5613,-2997,68.0,
-4924,-15044,-5800,-10841,-4905,7570,67.5,
5484,-21172,-5856,-1548,-2784,16013,66.7,
4332,-15532,-7504,10089,-420,3966,59.5,
4452,-14472,-5344,5713,-5330,7590,67.0,
-10824,-13516,-1424,22537,-9498,9464,68.1,
-10144,-9268,6184,11081,3347,5221,69.7,
-14012,-7488,3732,13020,-5062,-12656,61.8,
-32768,-15128,-2756,12927,-15373,-32768,65.0,
-32768,-8056,2136,-8364,-16102,-32768,64.2,
-27460,-13640,180,18961,-7867,-32768,67.9,
-17424,-308,-3200,12713,-13036,-23491,66.5,
-8828,-3712,-828,-8190,-7145,-15823,66.5,
-5076,-3472,1876,-4585,2656,7128,63.5,
-9608,-2612,460,139,16734,32767,63.9,
-26448,-16072,8000,-4573,17131,32767,81.3,
-8236,-13072,4080,4817,-3564,-10359,67.0,
-23756,-11680,2352,17535,-2598,-18740,65.0,
-16536,-6760,728,12846,-6346,-18678,70.0,
-16764,-4760,-340,819,-8737,-12591,63.7,
-13788,-7932,3448,-10753,-5142,-10586,72.0,
1276,-7060,-1628,-11771,-496,-6222,70.9,1.0
3500,-18532,-1356,-8747,23257,-5062,67.1,1.0
-9636,-18460,-424,-3503,31683,-10164,51.3,1.0
-7768,-9364,-992,-2954,26610,-9911,69.4,1.0
276,-2580,-3072,-6663,14700,-6194,68.6,1.0
-10564,-15180,-22136,-13767,32767,16352,55.3,1.0
11872,-3956,-19604,-14359,10974,-6901,67.1,1.0
-11428,-32768,-19380,-9664,32767,-25830,56.1,1.0
-1364,-13852,-6740,-1718,32767,-12761,79.5,1.0
31352,-6312,8440,32767,23153,-32367,74.2,1.0
14968,9736,5360,-15297,32767,-30075,70.4,1.0
-3000,4412,-1416,5160,26893,-21504,73.3,1.0
-8008,1048,4380,14034,13741,-17800,66.7,1.0
-11124,10024,2292,-3620,-11279,-23074,65.8,1.0
-10116,2228,5372,-18410,-17492,-19439,69.7,1.0
-26764,-3696,32684,-29537,-16211,-10319,60.1,1.0
1128,-5212,14368,-10536,86,-10634,76.5,1.0
-4208,-15508,12220,-7496,-3453,-6683,67.6,1.0
-2828,-9096,9920,-4477,-3532,79,64.9,1.0
-1544,-11576,12420,-3814,-3571,1845,64.9,1.0
-1788,-11032,12772,-263,619,1661,60.3,1.0
-2620,-11496,11184,318,1390,2229,101.2,1.0
-3276,-10008,11116,353,-873,2082,66.5,1.0
-2928,-11728,11964,-522,-1501,3089,75.3,1.0
-3168,-10084,12472,728,319,2736,70.1,1.0
-4768,-10120,12868,2773,-794,2110,81.7,1.0
-4788,-6452,11940,1674,236,1920,64.4,1.0
-5220,-8040,11736,-1491,-609,2290,91.6,1.0
-5016,-8052,11648,948,299,2208,70.1,1.0
-5296,-7428,13992,3427,1134,2983,70.5,1.0
-6636,-6056,11584,3361,1704,4280,75.4,1.0
-6812,-4664,11868,1491,1181,4268,86.4,1.0
-7972,-4604,14268,5802,1928,2805,74.8,1.0
-8328,-2220,11948,9666,2113,1031,75.2,1.0
-8048,2528,10280,8683,2342,-1736,75.5,1.0
-7860,2108,14060,-4096,-1679,468,83.6,1.0
-8072,-1812,14188,-115,-11,-887,78.5,1.0
-8724,468,12088,1006,517,-743,68.2,1.0
-9232,-176,12376,-515,-77,179,71.7,1.0
-8188,312,13488,1238,-455,-316,69.8,1.0
-8460,1172,12756,472,-716,-335,72.0,1.0
-8656,1352,12556,-1098,-478,-115,79.0,1.0
-7844,976,13076,-2246,-540,-194,70.6,
-8316,888,12964,-6186,-1592,666,73.7,
-8024,-1900,13448,-5526,-766,848,58.0,
-8300,-2236,13224,-3357,-565,774,67.1,
-7628,-2996,12788,-1608,-149,597,65.5,
-8128,-2104,13780,1921,94,-367,63.5,
-7696,-656,12436,2326,-46,67,62.8,
-8412,-1560,13128,-194,-618,288,70.7,
-7776,-1112,13152,534,-959,27,68.2,
-7568,-1160,13692,337,-690,234,66.9,
-7164,-1240,14164,1199,656,-100,75.4,
-7728,-740,13060,564,453,-46,62.0,
-8216,340,13180,-75,530,244,71.7,
-7824,-384,13512,-2557,-342,-3,67.7,
-7852,-660,12780,-1737,-324,-405,63.0,
-7628,-2288,12712,-3241,-634,210,61.2,
-8108,-2180,13024,-1497,-283,289,68.4,
-7536,-1728,14344,-438,-611,369,73.4,
-8128,-900,12904,-108,-109,-4,70.0,
-7952,-1856,13020,-310,-838,251,58.7,
-7748,-2536,14320,2532,137,148,65.7,
-13164,-1004,15344,8949,-245,-831,70.7,
-11640,956,12680,6616,-63,1383,64.8,
-9172,2260,10840,10929,-3390,6443,66.3,
-5636,6308,9996,4755,-7127,11570,70.1,
-2324,6536,13836,666,337,15966,70.5,
-3332,8260,11832,8048,-1627,23317,55.9,
-5456,8272,6548,5859,-7955,30063,64.0,
7292,-100,7484,6278,-13363,32767,61.6,
13624,-60,2448,3448,-14779,32012,69.7,
27696,-17872,840,3284,1201,18705,77.0,
8764,-5768,2496,4805,-2852,7501,64.2,
16384,-9932,1408,-11947,-1368,9088,68.2,
10212,-12212,96,-3680,-1368,9834,62.9,
16568,-11192,56,590,1565,4909,61.1,
11268,-11684,1080,1422,3544,3280,71.7,
13360,-12324,5276,6575,1962,1969,65.8,
9392,-12676,4640,9448,79,451,62.4,
10720,-8904,4756,10225,5565,8742,69.6,
12456,-17348,10956,12103,14504,19085,67.8,
6180,-8612,8884,10963,19095,12428,71.4,
2148,-5132,13964,8970,14250,3438,69.1,
-684,-9272,14376,-3811,9423,6416,66.2,
-2368,-13520,16408,10413,180,-3760,67.6,
-3192,-9128,13892,10415,-5088,-7906,68.0,
-6904,-5644,12920,18659,-188,-8660,67.0,
-16324,1284,8064,7963,-1304,-385,65.3,
-12436,480,9840,-473,3365,-2090,69.0,
-5812,888,3932,335,9661,-2655,62.1,
-2088,-2620,3200,-7229,22026,-12461,63.5,
-18024,-6444,9060,-6809,32767,-12252,67.9,
-26972,-10424,208,-5309,21699,-200,71.8,
-22612,-6676,268,-3280,8390,-1319,70.4,
-18700,-8856,-12656,-943,-4071,4259,69.3,
-15724,-1184,-3532,4154,11126,-1157,71.8,
-9176,-3152,-372,859,3311,130,64.9,
-7220,-4196,976,10563,644,-1861,60.3,
-9080,-4848,-732,14338,-3786,1102,67.1,
-16596,-11272,-3024,18461,-10545,1867,62.8,
-11700,-11348,-3268,1666,-9404,1594,64.5,
-8480,-9972,-956,6262,2787,-3362,76.5,
-9912,-12828,616,13417,5664,4903,63.5,
-15180,-10600,3000,26957,2949,5104,75.6,
-14476,-384,-888,6421,4535,5298,68.5,
-14672,2804,-2844,13615,13223,3307,67.8,
-14100,-3252,1040,21058,19119,2370,65.6,
-16144,3004,-888,16722,12190,-5637,64.0,
-14324,-968,2560,614,1324,-1489,67.6,
-14524,-3240,3264,4751,-8559,-91,60.7,
-30772,-7684,1536,-15339,-16378,11544,64.1,
-19372,-9316,2724,-32768,-20958,-13977,70.8,
-19116,-14936,4072,6819,-2407,-32315,66.0,
-15832,-2228,-1616,32767,-404,-26288,66.1,
-7916,-4484,1036,-6323,33,5599,70.0,
-12600,-7252,2256,2859,3978,16364,67.0,
-20220,-8632,-6076,-32768,-2772,32767,65.1,
-16980,-25200,11460,3491,3091,31229,61.6,
-16328,2244,-148,32767,18431,4004,67.3,
-13152,-6564,4576,-26593,2686,5877,66.7,
-11488,-8588,10356,5150,1665,-290,67.1,
-16204,-4476,5368,3646,-4639,-8550,65.1,
-16516,-6896,3600,4145,-15062,-13978,65.7,
-21280,-6404,1448,-3457,-18258,-17906,55.0,
-9820,-8656,3476,-23521,1359,20053,66.7,
-20012,-9424,380,-1048,7148,26072,68.0,
-18448,-9056,10100,-7731,8691,19601,65.3,
-13724,-10424,2104,-27239,526,17944,71.0,
-13032,-13820,6220,2100,5514,2969,67.5,
-14624,-2948,3716,-4648,-5617,-12448,66.4,
-23760,-7060,1372,-12681,-11899,-27679,63.1,
-17112,-8352,7300,-3201,-5287,-25709,60.8,
-12316,-3160,-2360,4624,-12052,-13694,63.5,
-12228,-7152,2336,-779,-10151,8363,64.7,
-15516,-3720,-2492,-19227,-14570,23948,79.9,
-18632,-13480,-1948,-32768,-18049,28160,65.6,
-19724,-14748,2088,13551,-6094,25744,66.0,
-16028,-3032,-572,51,755,13108,68.8,
-12568,-6180,-1092,-16984,-1447,5173,65.6,
-12320,-5800,1016,-14111,3439,4402,68.6,
-13540,-4936,6524,4296,10779,-586,63.5,
-16340,952,5032,-1574,6820,-1421,62.9,
-15024,-500,5724,-9777,875,-1950,74.2,
-14060,-5060,5224,-6224,-3841,350,63.8,
-17848,-4908,1768,-6372,-13997,-15043,80.1,
-14956,-7220,1476,-7054,-10381,-15502,65.8,
-11924,-5596,2424,-793,-3900,-8292,65.0,
-10164,-5516,3068,4072,2526,1886,62.5,
-14156,-5388,3956,4577,7937,14250,70.4,
-25584,-6644,192,-9203,7595,20713,64.2,
-13336,-8700,5476,-7046,8399,13633,67.9,
-17360,-2144,860,3081,8140,5333,68.2,
-12772,-1748,3468,-13645,1960,3123,73.9,
-14272,-5044,5816,-5162,1335,3119,73.2,
-15072,-4992,1720,5767,-11142,-9700,64.8,
-24088,-7184,1152,-674,-15949,-16998,66.5,
-15840,-5828,1160,-9729,-13608,-17902,67.7,
-11624,-6484,832,2111,-4585,-12538,68.4,
-10228,-4832,556,2632,1811,-858,63.3,
-14908,-5896,2540,5570,8826,10647,71.1,
-23676,-868,-3228,-26862,7410,32767,63.0,
-17456,-13004,8520,26221,15512,21398,67.1,
-15416,4524,1040,8214,10046,2658,68.0,
-11924,-6272,6144,-19531,-996,4283,69.7,
-12084,-3268,5900,7933,32,-3212,65.4,
-16264,-6296,3468,9903,-3749,-6319,68.2,
-28364,-9964,6204,5091,-7423,-8447,70.5,
-29332,-6912,316,6947,-17323,-20109,65.4,
-15980,-4452,1408,-10164,-17085,-24650,61.8,
-10932,-6672,-216,-665,-7066,-18078,75.8,
-7228,-3892,-844,-1935,-798,-1356,65.8,
-11032,-6732,2276,10895,10383,14534,72.2,
-26820,-8620,4500,-6427,17866,32767,68.1,
-19604,-5648,3256,19883,20919,19398,65.8,
-26960,-9324,5928,5318,-7403,-10048,65.9,
-25180,-6684,1580,5405,-16858,-21813,66.7,
-19040,-4712,944,-5667,-18970,-25153,66.7,
-12268,-7288,1100,-2718,-9256,-19936,65.4,
-8768,-3260,184,3553,-4160,-8144,64.8,
-8752,-4692,2264,1609,2340,7195,68.8,
-24608,-7884,0,-10590,8222,31227,66.9,
-20240,-11768,9436,-3536,13872,32767,67.3,
-17332,-5360,1528,12481,14852,12202,65.9,
-14640,-7340,6376,-19116,5947,7281,68.1,
-12356,-5400,9100,10610,4216,286,55.2,
-29184,-7344,6716,4347,-10255,-6966,67.7,
-23444,-5904,2892,1086,-17194,-19634,67.9,
-17936,-5376,2212,-4861,-18858,-20543,61.5,
-14452,-7084,1172,2722,-10906,-18385,68.4,
-10924,-3184,504,-654,-7396,-9556,60.4,
-9064,-5408,3480,-2726,676,4183,81.0,
-9668,-6560,4732,-1779,8744,24650,62.0,
-21564,-8144,4860,-1364,17217,24941,66.6,
-18432,-5860,3300,-6354,13860,19143,69.9,
-21500,-2652,3324,-18191,-5500,-10770,67.6,
-14380,-4408,-1168,-10341,-13303,-10978,71.2,
-17524,-4296,-2352,-16902,-10409,-16679,68.7,
-15180,-5988,-1868,-591,-6139,-14616,64.2,
-12248,-1980,-5920,-14245,-13524,1439,76.7,
-15684,-10260,-3236,-22834,-20124,16529,63.6,
-16488,-12576,-4636,-32768,-31251,14035,72.8,
-12744,-13052,-9044,-32768,-32561,10543,72.7,
-7828,-14540,2064,-8514,-9128,3830,68.2,
-10564,-8308,-436,-2719,-4230,5393,62.7,
-13892,-968,2576,-6760,-375,7761,68.8,
-13808,-7908,5236,-11962,-1479,6375,61.6,
-16224,-7808,5164,-2535,485,6535,67.7,
-14264,-9308,6292,24637,7438,-2389,64.1,
-13140,-1744,2928,21815,-426,-5309,82.0,
-21448,-4632,1916,4737,-10463,-4866,62.4,
-14612,-5320,1792,-10639,-13162,-11331,62.8,
-13308,-5512,1632,-2248,-7083,-11617,72.6,
-12428,-3416,2040,-2205,-2441,-2673,66.9,
-19164,-3696,2000,-6116,2050,7315,70.5,
-10168,-5228,4968,2749,6686,11117,70.6,
-20588,-2520,1776,-2483,6104,10016,66.4,
-13632,-6960,6584,-13173,6033,6615,67.4,
-12532,-5772,8788,7396,7904,2888,59.7,
-12604,-3824,7548,2379,1209,-1968,68.2,
-22984,-7516,5744,-3548,-6574,-3437,63.6,
-15952,-6984,3932,3788,-9150,-11401,71.4,
-18408,-6540,1532,-3526,-12943,-13297,67.9,
-12836,-7564,1160,758,-8356,-12982,65.8,
-10732,-4872,328,4214,-3793,-7288,64.7,
-17176,-6712,4400,605,12015,14581,69.8,
-13904,-6412,5400,-807,9449,7598,65.9,
-12092,-4980,5764,-2196,3850,484,57.0,
-13540,-5708,4516,-3357,-747,-2353,69.9,
-11344,-5596,4452,503,-2963,-8628,67.3,
-10508,-3828,-2256,-2543,-6089,-13622,67.4,
-13200,-6056,-4708,-2880,-7874,-15710,80.3,
-16852,-4876,-3716,-599,-10225,-10235,64.3,
-23288,-7116,392,-5911,-6501,2276,64.9,
-31684,-28160,16852,12605,-250,-2012,67.6,1.0
-19120,-6840,2812,-8108,5447,7415,67.2,1.0
-28972,-29836,-12528,-3886,-32330,23707,73.2,1.0
-18320,-25188,-8592,-21463,-32768,25566,62.1,1.0
-24164,-12964,-16292,-25990,-32768,32767,79.9,1.0
8336,-11144,-3136,9887,-32768,22748,56.8,1.0
29084,-13980,-4708,7020,-31900,8475,60.0,1.0
20648,-6096,512,4792,-29362,-10356,60.0,1.0
16632,2276,-8192,7818,-26000,-16231,72.8,1.0
12820,5020,-3496,-1730,-12012,-19420,67.9,1.0
6848,2924,-8188,-2018,-21131,-5628,70.8,1.0
5884,1628,-24996,9789,-13913,1868,71.2,1.0
8692,2048,-19732,-5005,3426,-3879,64.0,1.0
-2000,1172,-15952,9026,1567,-1344,64.0,1.0
3872,1060,-18832,-9247,-4426,802,64.0,1.0
5136,2808,-20464,-5263,1726,831,64.6,1.0
5964,-3504,-15020,-568,4730,245,65.2,1.0
4864,1884,-16180,88,819,-4977,84.3,1.0
4760,4340,-17452,876,427,-2781,60.2,1.0
4316,4764,-16836,-7910,-547,1485,60.2,1.0
5412,4888,-16588,4681,1627,911,105.3,1.0
5744,2300,-17008,4392,1988,1128,72.4,1.0
5340,-512,-15500,-414,-580,3845,73.1,1.0
6692,52,-16080,-4001,-709,2879,71.5,1.0
6516,1360,-17320,-2393,-651,2030,72.0,1.0
5692,368,-15580,-869,-371,94,72.4,1.0
6296,1372,-15824,-2122,-1170,-479,72.8,1.0
5128,2120,-16924,-1201,-1498,-1689,67.1,1.0
5256,2952,-18476,-4264,-1091,-719,73.6,1.0
4760,2416,-15960,1552,1586,-1089,71.5,1.0
5376,2472,-14616,-3623,-482,1074,68.6,1.0
5932,2700,-16784,-3289,-685,1466,71.2,1.0
5792,2756,-17328,5764,1453,787,71.7,1.0
5900,580,-15916,53,1384,956,74.4,1.0
6356,1440,-15856,-3352,-548,356,80.0,1.0
5912,1136,-15936,-1000,-314,-888,80.9,1.0
6712,1584,-15588,3457,-107,-887,94.4,1.0
6028,1332,-18272,88,437,-892,72.6,1.0
6044,1292,-15500,-1027,60,-193,74.8,1.0
6268,1964,-16216,-1435,-1603,-858,84.0,1.0
5540,2280,-17072,2474,-514,-768,80.5,1.0
5348,1432,-14924,-1231,140,1242,80.9,1.0
6080,2408,-15624,2140,-539,125,73.5,
5440,1960,-16624,480,-1417,-509,69.1,
4812,1528,-17608,1844,22,214,78.6,
5500,1772,-15840,665,389,294,66.7,
4632,1060,-15380,719,-246,-161,63.4,
5772,1952,-17512,-1917,-2030,1488,60.5,
3980,2288,-16468,-3221,592,-168,66.3,
5884,2244,-15848,-2367,-778,560,64.1,
4424,1380,-15788,-1751,-887,202,68.0,
4680,2316,-17008,-1292,-2015,-1255,63.2,
4120,3412,-16828,441,-1419,-1365,62.5,
3400,3304,-17572,-1306,-1525,-1308,55.6,
3748,3496,-16832,-1556,407,586,68.6,
3456,2756,-16316,-4283,-565,1647,78.7,
3848,3892,-17552,-3278,1119,1613,69.3,
4236,3568,-15972,1517,2086,691,60.4,
4932,2928,-15648,801,739,1142,60.9,
4996,2784,-16408,242,-454,1576,61.4,
5092,1896,-16136,1064,-1021,263,72.8,
4372,2268,-17448,-117,-397,-804,72.6,
4548,2344,-16592,-245,782,-86,68.7,
5204,2328,-16736,52,264,359,67.6,
4344,2068,-15300,989,-45,-1183,68.8,
5256,2856,-17584,-4514,-636,-79,66.2,
3460,2716,-16504,-374,539,1028,77.4,
6336,3396,-16016,-5109,-815,-337,67.9,
2916,3256,-16452,-449,735,1256,67.9,
6204,4120,-15776,-1144,666,-717,66.5,
4680,3632,-15540,-882,-388,791,68.0,
4560,3580,-15832,-65,-25,-1002,55.5,
5684,4008,-16140,-2163,-1612,1119,71.5,
4264,4316,-16068,-469,1115,-1326,64.6,
5024,4296,-16284,-3023,-1608,2215,65.3,
4460,4032,-15732,341,669,-375,67.9,
5024,4428,-15812,-4476,-2035,1750,58.6,
4400,4584,-15560,2232,1349,-1920,69.0,
5004,5016,-15732,-2108,-1405,860,69.7,
4184,4856,-16488,2497,105,-297,71.4,
3100,5084,-17136,-392,-2873,2895,53.4,
6636,4396,-15184,-1424,1426,428,58.6,
5840,4424,-17184,-1818,1100,1293,75.5,
7084,4840,-20324,-5850,7418,3977,67.2,
5548,5960,-22580,-9505,11536,2717,67.8,
8400,5884,-17864,-14384,17379,7646,67.7,
9864,4512,-10908,-18476,22848,13529,65.4,
15908,-156,2340,14235,32767,8235,61.8,
1256,9196,5600,19856,30430,-14375,67.4,
2620,14268,10800,5735,15890,-8887,67.6,
6208,16688,10232,-16127,3855,174,67.2,
7724,10696,11920,-10038,7837,2718,67.1,
15136,-4336,19936,18800,14228,-4276,71.0,
1664,10196,7020,-16695,-6674,-6780,68.4,
108,1820,9124,-8950,1592,-4607,71.8,
-3660,2868,10888,-2310,8594,-6828,59.5,
-3184,7484,12448,353,7907,-6027,59.6,
-2372,6408,15472,536,11358,-3649,73.1,
-12612,7296,14756,9580,15869,-713,72.6,
-17212,9032,9568,-3204,7529,-733,67.7,
-8268,1168,9096,-8751,7263,-3497,62.6,
-28224,-2224,11624,1021,15341,-12105,71.4,
-21560,-2204,8160,-6906,2984,-6535,74.1,
-19472,-6644,5428,-10972,6301,1694,75.1,
-22376,-6636,-4108,-16862,-5641,8734,60.5,
-11868,-4116,4804,-12091,-3366,13502,62.6,
-2932,-3552,5580,9811,5107,1650,61.6,
-8408,-4780,5576,11335,6742,-2931,59.8,
-10568,-8228,5184,23813,6518,-2635,65.4,
-12160,-5696,-132,28308,-1817,-9363,67.8,
-26440,-8848,-868,-11522,-15930,4335,66.0,
-21408,-6372,-3388,5648,-9750,-14625,76.1,
-18844,-5712,-5744,7577,2723,-21466,58.9,
-10580,-6696,-2484,9853,11382,-11040,68.8,
-11668,-6400,-1240,19043,17353,-4017,70.5,
-15760,-8388,4620,32767,19127,-1930,66.8,
-19424,2324,1732,-1333,8412,8959,64.3,
-15808,-1608,2632,-14588,-244,5518,64.4,
-14368,-204,4892,2381,2656,5574,64.6,
-13344,-1252,2816,11242,9022,4680,74.5,
-14008,-2084,3504,12625,8304,3514,72.5,
-13028,-2084,6400,12915,2543,-2042,67.0,
-15752,-4292,2236,-8871,-8691,-2375,63.3,
-12416,-8712,4848,1573,-10496,-8625,70.1,
-24224,-5716,-832,17898,-11675,-14404,63.8,
-16868,-3504,1976,-6852,-17263,-16301,66.6,
-14096,-5240,916,-1997,-11648,-15465,66.6,
-10492,-5320,1628,-4479,-2779,-2398,62.8,
-17196,-5216,740,-4269,4200,14316,62.1,
-13744,-7556,2864,-16931,5430,29820,64.8,
-22136,-10140,3168,576,10126,25404,62.3,
-14752,-6316,6344,-3943,9307,6286,69.1,
-10520,-6144,10420,3989,4256,4255,67.8,
-14496,-9772,9480,12544,-2851,-4403,64.5,
-16708,-1944,1696,990,-22191,-15126,70.6,
-22816,-9504,2572,-21185,-22043,-21489,70.9,
-14744,-7728,2472,4470,-7934,-21688,67.4,
-11928,-2380,892,7471,-4831,-10490,66.4,
-11396,-3096,2056,1441,-89,4134,67.7,
-18028,-5108,1320,-17635,3253,26623,69.3,
-18504,-12700,6104,80,15061,27181,67.6,
-13100,-6256,4244,21215,24331,12859,67.9,
-15580,-9140,8900,30993,22870,-14067,63.8,
-11552,12060,128,137,-3596,-13823,64.5,
-16460,-12032,4816,32685,-4966,7961,60.5,
-20712,-8356,-4536,-31269,-25456,20230,69.2,
-18896,-8284,-2996,-32768,-32216,-3643,67.1,
-19252,-8280,-2424,-29684,-24792,-14078,61.5,
-12868,-8252,3920,-19447,-12268,-10613,67.9,
-11448,-3364,1096,10108,-5197,-2036,67.0,
-18100,-7516,604,-8823,-5365,24115,64.9,
-17276,-9804,872,-28981,-17510,29222,68.3,
-18784,-12448,-304,-12195,-16283,25491,70.5,
-14136,-7824,-1244,-24764,-11312,18380,69.3,
-12864,-9100,80,-4841,-261,9466,68.7,
-12736,-4232,-72,-10905,7156,5708,59.8,
-13748,-6136,1724,-3546,14304,5961,68.0,
-16156,-2376,-816,-23455,9021,10533,58.4,
-15376,-9760,12936,-4386,12126,3931,67.3,
-15464,768,6940,-5779,3178,2003,66.5,
-16792,-6244,6620,885,-6693,-4893,68.0,
-20564,-6232,1348,-3823,-19943,-14652,75.5,
-15804,-6212,132,-6641,-15529,-14380,65.2,
-10556,-5840,1108,-3261,-5084,-11409,68.3,
-9076,-6496,2788,8294,6623,-1888,69.0,
-13536,-4220,2872,14072,14586,8285,65.8,
-21156,-2500,3604,-15668,12514,20642,62.9,
-18080,-8504,4004,-18979,7522,21823,64.1,
-16004,-6736,6136,-8055,7227,13705,69.3,
-13040,-5348,6308,1476,6160,5569,69.6,
-12328,-4432,7336,4923,1313,1471,62.5,
-21492,-7560,1884,-637,-12964,-18860,66.7,
-18736,-6300,1656,-1063,-12845,-20510,86.7,
-14196,-7676,608,5299,-4747,-17493,62.7,
-13220,-5680,368,11155,581,-9152,61.7,
-13128,-2860,1244,7680,5234,-194,63.0,
-14940,-6064,1648,-18945,4856,18459,66.3,
-18108,-8792,4568,-8220,11519,26538,78.1,
-19192,-7436,4340,1031,14674,20358,68.7,
-15428,-5084,3876,-1427,9110,4858,67.1,
-11936,-7312,9816,1088,5351,1657,66.3,
-16392,-3632,5784,6423,-3491,-4989,69.1,
-18808,-5780,3200,-1506,-18626,-6888,68.6,
-25848,-7064,908,-5417,-22985,-18807,69.8,
-16136,-6312,1632,-8708,-16612,-23694,55.9,
-12896,-6344,128,4579,-6708,-16273,66.7,
-10320,-4044,1220,7477,-896,-4124,68.3,
-16780,-3940,224,-7192,3028,15749,64.6,
-14616,-11120,5944,-8679,10381,29220,66.4,
-18236,-8964,5288,3990,18147,26369,75.8,
-16060,-6076,7536,4126,15813,14810,70.1,
-20856,-4908,1668,5803,-18558,-17317,67.6,
-14696,-5784,1240,-7275,-15014,-18356,58.0,
-11720,-4568,0,-1782,-8382,-13114,69.1,
-10084,-5112,2680,332,-527,-763,66.4,
-9092,-5868,5500,-7778,6290,23551,64.2,
-22020,-9228,5996,916,14022,28220,71.5,
-17232,-6864,9556,-3752,11517,21092,68.7,
-12828,-6560,8232,5345,6082,8222,73.7,
-12888,-7264,6604,-270,-1484,-997,65.1,
-26688,-9760,2264,1449,-4809,-9139,64.3,
-21976,-8780,-320,2543,-4377,-23204,61.4,
-14696,-8580,536,586,-287,-25385,71.1,
-12932,-10136,284,9324,-605,-22565,68.4,
-8820,-14764,4912,-5879,-4969,-12892,63.4,
-7996,-13492,3892,-3757,-4556,-8209,69.4,
-3620,-10828,10432,14723,-6467,-5807,68.1,
-2432,-15188,8212,7185,-12960,571,67.6,
2548,-11564,7596,9657,-10977,2959,60.6,
4088,-8752,6596,11457,-4484,5247,63.2,
1832,-12276,9668,3149,199,4582,69.2,
-6720,-9840,15304,-4642,-718,2351,62.1,
-2300,-15376,9372,-7234,-6144,5989,67.7,
-1740,-11900,8728,-7023,-7688,7507,66.9,
-1276,-16320,9236,-1390,-16619,12136,71.2,
-348,-14800,5956,10510,-18777,16160,67.0,
-1880,-14436,9316,8593,-12950,29153,67.8,
1496,-6628,10756,-6705,-13491,24661,64.4,
-40,-8004,10492,-10569,-12850,21262,65.3,
-3352,-8692,5368,-9587,-1157,23712,69.0,
-9232,-10144,6112,-12963,6850,27650,62.6,
-24020,8044,-6828,-32768,4042,30953,65.1,
-14516,-14484,3052,13695,742,20851,68.6,
-13216,-7084,3592,34,4078,-435,61.6,
-13236,-8904,2960,-3077,-1037,-8733,60.9,
-17264,-9792,4124,4680,-1548,-13441,64.1,
-19916,-5068,1128,13042,-4293,-16075,62.8,
-14308,-6004,832,6227,-5743,-15609,66.0,
-14584,-1696,212,24608,-2432,-10675,68.3,
-14220,-4408,1740,-7478,-5436,9536,60.5,
-19324,-6608,-736,-28483,-7506,16046,67.8,
-14328,-6428,3856,-746,8463,14047,77.6,
-14332,-6256,6084,9917,9835,9468,65.8,
-13904,-6148,8228,631,2491,4604,71.8,
-21684,-8324,5252,1232,-3350,-5371,65.1,
-13228,-6380,3252,4641,-9141,-15134,75.0,
-20616,-6600,1484,5083,-11041,-13369,67.3,
-14260,-6936,1736,3541,-7169,-11296,62.7,
-13240,-4668,112,7478,-4771,-7864,67.5,
-13592,-5160,1848,-2307,-1953,-2514,70.8,
-18936,-4908,1084,-12657,733,11244,72.9,
-16996,-6372,3604,310,10725,17409,70.9,
-15880,-6384,6120,1869,11686,14502,68.6,
-13332,-5188,7904,4262,10003,5862,59.1,
-13588,-4144,8432,5261,3843,2473,68.1,
-18292,-5936,4400,-3841,-3652,-5583,61.4,
-13468,-7940,4132,-952,-9710,-13929,62.6,
-20640,-6484,1120,7540,-12626,-16145,69.5,
-14696,-6320,1316,2618,-8992,-17647,70.3,
-14412,-4792,660,6173,-4427,-10714,66.3,
-13296,-5004,2276,2016,601,-202,69.5,
-10812,-4828,2956,-19264,4286,22141,81.4,
-17740,-8848,5076,4463,11619,21220,65.3,
-15628,-2588,5344,-4040,12195,12460,70.2,
-14692,-6872,8164,-4097,7519,5712,70.7,
-12564,-3468,8064,3906,2038,-1278,66.9,
-23328,-7916,7632,-2698,-3273,-6533,69.4,
-20308,-7700,3628,5170,-11357,-15326,69.4,
-18368,-4208,1040,795,-17360,-19088,70.3,
-13724,-6496,948,-4433,-10841,-19899,67.5,
-11500,-4384,40,979,-4062,-9595,67.3,
-13632,-4636,3176,9295,5654,8714,64.2,
-12424,-4760,4984,-17579,7637,27417,66.9,
-20276,-8248,3952,5432,11424,23107,69.9,
-15328,-5132,6132,-794,11710,10160,61.9,
-12660,-6324,8516,1613,8314,3989,68.0,
-13128,-3000,8068,6599,2200,-792,64.8,
-20240,-6952,5924,-1570,-7225,-6110,64.9,
-24060,-8888,4612,8074,-13001,-15163,63.3,
-20308,-3332,1232,1174,-21164,-20526,71.9,
-15516,-6552,1136,-7919,-15088,-22681,69.7,
-10924,-4988,876,-1998,-2120,-5301,68.4,
-16336,-6420,2756,-2010,5209,14016,56.2,
-12096,-4544,4180,-2714,10364,27470,67.5,
-19784,-9704,4900,-20679,4986,31481,71.5,
-15296,-13772,4696,-2784,7737,20937,70.6,
-12176,-7028,6204,8650,8384,5743,64.1,
-14600,-7948,7460,-5511,-1869,-7430,65.6,
-15284,-4120,4564,-2544,-14055,-21749,68.8,
-29260,-9640,1892,-4123,-17379,-31522,61.6,
-13764,-5412,3060,-13615,-12835,-26251,68.1,
-8148,-8084,1984,9283,-9229,-626,70.1,
-8604,-10396,2308,15044,-4022,13519,64.0,
-13868,-17968,2488,-16999,-9035,32767,56.0,
-12888,-14844,2780,-24938,-8445,27671,69.4,
-13384,-11476,5772,2392,-5457,21884,66.6,
-10340,-7704,-460,-32726,-9040,14215,59.0,
-10832,-12260,3728,-8768,723,11926,68.1,
-13512,-5864,2764,-14072,8866,14389,61.2,
-16460,-7724,4852,-19980,12100,11040,70.4,
-15712,-5800,7084,-796,9784,3810,73.6,
-13908,-2564,9208,5408,2451,-3334,69.9,
-22180,-3952,8600,18596,-6720,-1811,64.2,
-21632,-5056,3916,1865,-18980,-4873,60.6,
-24036,-4728,532,-14105,-29729,-9858,72.8,
-14748,-9068,1072,-20579,-20955,-20871,63.2,
-6460,-5564,3548,5432,-4229,-14696,66.6,
-4712,-4068,3964,14029,6467,-512,60.1,
-10624,-3580,3940,4953,14490,11747,64.7,
-23052,-6184,3680,-23222,16324,26856,61.4,
-21216,-13300,7964,-8542,16792,29801,63.1,
-12012,-6072,7756,6485,-524,-2608,70.8,
-12524,-4608,3768,2444,-4076,-5983,63.7,
-9972,-5996,3540,2598,-6474,-11676,60.6,
-11196,-7132,948,10975,-8240,-15765,70.8,1.0
-23856,-6288,1904,11567,-12688,-12240,67.0,1.0
-9452,-12472,6004,17325,-9429,-8696,71.3,1.0
308,-2960,8140,15196,-10123,-9822,71.3,1.0
-32768,1772,4964,20670,-9667,10440,66.3,1.0
-32768,-32768,32767,6721,-7239,-22382,57.9,1.0
3712,-5988,32767,784,5192,-6992,57.7,1.0
-5720,-4732,3700,-4216,10588,-259,57.7,1.0
-15792,-3068,14752,-12154,8618,5524,57.7,1.0
-17296,-2004,15000,-11856,11595,11600,57.7,1.0
-19376,-12772,7592,-6642,18819,28594,69.2,1.0
-10136,4472,-4016,-8964,10019,20621,62.7,1.0
-12408,20104,-11152,-21582,-10692,10799,62.7,1.0
-13308,5716,3628,-23546,-16186,16617,64.1,1.0
-23360,12264,8628,22479,-13178,13763,60.7,1.0
-8624,800,5508,-657,-32768,32767,69.4,1.0
8044,1032,-8252,10822,-31764,32767,69.4,1.0
18576,-7496,-11876,-8802,-26140,28381,95.1,1.0
10440,-6860,-14448,17804,-15293,18964,67.3,1.0
12296,-14368,-13528,1247,-9568,3499,67.3,1.0
10148,-8864,-16956,-29835,-10886,8064,77.6,1.0
7204,-3964,-14436,-7521,-7696,-11,69.9,1.0
8172,-2412,-17736,-1807,-3061,-1000,69.5,1.0
8144,-3420,-14892,-5140,-364,1123,75.1,1.0
8172,-188,-16592,-4972,569,412,75.3,1.0
7916,-504,-15360,-1529,1110,1864,74.3,1.0
8048,-308,-14764,-1500,272,1060,71.0,1.0
7740,-788,-14436,-5247,-3413,1582,74.6,1.0
8280,1052,-14264,-3115,-3964,-55,68.3,1.0
6396,684,-18328,-16816,-4562,1445,73.8,1.0
5336,4340,-14268,-1576,-3388,-116,91.2,1.0
4700,5328,-15036,-1218,-4563,403,69.2,1.0
3296,5392,-16992,4856,-5070,664,73.9,1.0
2420,4392,-17220,-4243,-5196,2180,77.1,1.0
1888,4184,-16592,-1074,-3691,2805,83.9,1.0
1272,3820,-17280,933,-2769,1974,75.8,1.0
1240,3176,-16384,-2044,-2132,880,75.9,1.0
596,3904,-16888,-1224,-950,-130,76.1,1.0
860,3532,-15532,-1578,-912,11,81.6,1.0
144,4036,-16600,1270,-1068,-264,74.2,1.0
144,4240,-16772,-582,-8,225,79.2,1.0
380,3904,-16544,-1419,-148,179,73.6,1.0
380,4232,-16392,-734,-124,17,72.5,
224,4088,-16516,13,-436,198,63.8,
64,4960,-17172,-2311,-383,414,68.4,
148,4496,-16648,51,-137,-165,78.5,
68,4300,-16724,-738,-233,72,65.6,
356,4168,-16224,-23,-282,72,66.3,
-64,4852,-16908,15,-369,119,75.7,
-88,3824,-16548,1494,-444,658,65.1,
228,3636,-17040,330,-346,343,66.3,
116,3496,-16856,-419,-16,-212,66.7,
84,3616,-16628,-1256,-23,-125,59.3,
32,3908,-16684,-544,-48,-97,58.3,
-112,4220,-16588,-228,-233,176,70.7,
220,3688,-16616,-772,-13,-82,66.2,
4,4168,-16420,-523,-291,-8,69.3,
220,3580,-16492,-1119,-72,186,64.2,
-56,4464,-16736,-133,-201,107,63.0,
40,3964,-16856,-30,-206,62,76.8,
96,4136,-16628,-336,-62,31,59.7,
76,4268,-16828,-320,-138,218,62.8,
200,4080,-16704,-239,-128,-76,66.9,
-228,3880,-18872,-1092,978,-1102,72.9,
-472,5464,-24060,4982,9356,-1987,68.9,
-404,4216,-25832,3158,30145,594,77.2,
11152,6704,-18920,2922,31553,-4810,69.6,
2996,7732,3980,13885,32767,-2360,70.8,
-10520,7244,15920,17860,30597,5505,61.6,
-4328,18144,7468,-22293,-1584,17555,63.1,
2020,4140,10212,-20215,-1249,30826,66.7,
-2108,-16400,13180,-22586,4255,32767,68.2,
-7524,-13156,13112,4555,14151,25939,62.9,
-4728,-10188,14244,9772,10832,8923,64.1,
-11688,-8684,9348,13945,20844,-1175,67.1,
-13856,-1996,8516,11140,17143,-2495,70.2,
-17972,3076,3080,19952,19724,99,67.0,
-14176,-16384,2552,-5944,13676,1541,62.2,
-18404,1800,-8464,-9492,5025,3103,59.0,
-16892,-14068,-520,-9678,4113,2414,62.8,
-16728,-9496,-148,-23738,-15570,-7222,62.3,
-19032,-10240,2480,-23146,-16529,-14134,66.1,
-26800,-6508,1676,-10373,-9913,-16426,66.0,
-18252,-8048,2356,3138,4448,-19444,63.6,
-8260,-1092,1092,5707,1426,-12430,79.8,
-4868,0,-772,-2632,630,-6175,65.8,
-9340,-5192,-300,-4973,-1376,7096,69.5,
-13456,-16220,1448,5978,-9115,18815,64.9,
-9632,-11168,292,-27476,-13192,16352,68.5,
-11032,-14060,3452,-11844,-5130,13168,70.5,
-13208,-3896,-5072,-6128,-4212,13508,62.2,
-7292,-9012,-3912,-1309,2616,16960,66.7,
-17872,-8804,-5416,-12491,12720,13704,59.1,
-16472,-8340,-4044,-16686,13087,-9721,67.4,
-16940,-7440,2972,-24222,9864,-7772,66.7,
-21980,-2684,15348,-13147,-1113,-7078,63.2,
-19912,-3556,5192,-32768,-25555,-8507,69.5,
-24096,-11472,2780,-16077,19319,32767,81.0,
-15844,-13088,8684,7982,18512,18173,66.7,
-13800,-3152,11084,3895,7071,4383,66.0,
-13888,-5396,7920,-8249,-9384,-7222,65.7,
-20812,-7800,3684,-1613,-18618,-16954,60.8,
-27704,-7348,2032,-2140,-21567,-24583,66.6,
-16064,-6736,2536,-1130,-13801,-25242,63.2,
-12144,-4252,-32,5066,-9852,-15773,63.3,
-8632,-4336,1356,-2722,-3370,-2238,69.0,
-18216,-5604,596,-3741,6731,18619,70.2,
-18888,-7560,4712,7246,20661,30447,69.5,
-20952,-7888,4504,-6294,18940,26721,66.2,
-15220,-8872,7112,19320,18701,3451,60.2,
-14264,3092,8432,360,4445,-1787,60.2,
-14640,-4588,7844,-1795,-7607,-3839,80.1,
-18212,-6188,4824,5500,-17881,-7123,63.6,
-30040,-6880,-588,-2859,-24950,-11308,66.3,
-15364,-5932,1036,-20012,-18373,-22610,55.6,
-13140,-7864,28,6134,-5040,-19128,65.5,
-9268,-3444,-624,5770,-412,-5963,69.1,
-20000,-2756,12224,11187,25691,23640,68.0,
-15812,-7264,15424,11809,13810,16535,68.1,
-13024,-4572,9860,10056,98,3690,64.4,
-13860,-8768,6072,9977,-9578,-4940,56.8,
-25512,-6736,-5440,10262,-17929,-8588,69.8,
-14440,-4512,-2232,15747,-1302,-16859,62.5,
-18716,-5060,-8300,2903,1532,-11957,66.5,
-15764,-8256,-3140,-1678,6179,-7245,74.4,
-17844,-9952,-2284,31730,20133,-18046,70.5,
-16188,-7220,1644,32767,16616,-21751,73.2,
-17560,-5384,2764,-1107,-557,10499,77.1,
-16824,5240,-3168,-7885,-3548,14596,61.8,
-14488,-7152,5460,4485,5492,12651,66.1,
-14880,-3476,2856,25883,13572,7887,61.8,
-14360,-2060,5716,3695,5628,3479,67.4,
-13416,-3772,5576,1259,-1563,-4066,68.1,
-20944,-8264,4876,1309,-5149,-4687,60.6,
-18172,-7660,2248,6232,-10224,-13068,62.0,
-20584,-6256,1536,-1361,-15642,-16942,74.4,
-15772,-7020,1624,1394,-11579,-19000,80.5,
-11732,-4756,1764,9236,-3073,-10665,65.8,
-11420,-4788,2792,10735,10152,-2324,65.9,
-15976,-5724,-912,-6772,11914,15121,66.1,
-15832,-10196,5032,-2912,18401,14382,75.6,
-18548,-8908,3304,3622,20156,10894,67.7,
-16560,-3076,2580,-7365,12702,4092,64.1,
-15088,-3160,5880,-13003,4182,2427,67.1,
-14940,-2780,7516,2283,-813,300,67.5,
-22220,-5692,6020,5004,-8413,-920,68.6,
-18832,-6984,1712,714,-18434,-6292,66.3,
-17756,-5704,688,-7715,-20042,-16623,66.0,
-14920,-5952,-276,-7008,-12839,-19677,70.7,
-12840,-4896,1868,923,-2984,-12226,61.6,
-16744,-2836,828,2289,4469,6603,69.8,
-12724,-6532,5144,-8985,10207,24527,64.7,
-22464,-7500,2444,2351,14630,25062,79.0,
-18716,-7668,6296,-1562,16578,15026,67.8,
-16092,-4064,7076,1731,13015,6271,67.9,
-12652,-4368,10032,3717,5267,2733,63.9,
-23612,-4252,7296,-1202,-6960,-2375,68.2,
-16436,-1964,1652,-16037,-20672,-20344,62.3,
-21568,-9324,1100,-8151,-17295,-23397,66.2,
-14732,-7704,1428,8696,-4492,-22153,65.7,
-12736,-4192,184,13301,-766,-12778,75.0,
-9420,-3816,3564,6913,4562,1666,69.5,
-15292,-2500,1760,72,10327,11666,79.2,
-15328,-7728,4352,-25359,9595,28802,62.2,
-21716,-9224,2644,5156,13978,19686,67.8,
-16932,-4768,6988,-11817,11526,8655,65.9,
-14216,-5512,9180,1361,8123,7544,68.3,
-10672,-4236,456,3260,-3919,-9628,67.3,
-11908,-4100,728,3491,3774,4069,62.8,
-10096,-6324,6240,-5412,12174,23635,79.6,
-22828,-7892,3880,11115,22688,24958,64.0,
-17520,-5440,7120,-10635,17092,14609,60.0,
-15804,-6104,8928,-3405,9957,6884,80.6,
-11528,-6572,10300,-848,2054,-530,67.2,
-17840,-4792,4448,3357,-5177,-11132,63.2,
-22932,-9384,3960,-3594,-14867,-9725,69.9,
-18460,-4088,1720,1114,-18273,-21205,68.1,
-14816,-7104,1488,998,-11755,-23449,66.6,
-11132,-3804,248,-982,-6780,-7179,68.1,
-15324,-2004,-332,-9615,-775,11980,67.8,
-12380,-12748,5276,-5373,8282,32767,76.5,
-19956,-5148,540,19981,17203,22028,67.3,
-18088,-4800,3932,-19540,8378,5786,66.5,
-11480,-9360,7276,-7437,6260,3895,62.1,
-16316,-3940,5588,6538,4603,62,68.2,
-14172,-1012,4192,-9108,-11957,-6326,65.4,
-23308,-668,-2356,-25123,-19662,-13873,74.9,
-17060,-4140,-1636,-20125,-12837,-11681,66.7,
-14848,-5524,1288,-4068,-4834,-6245,70.5,
-14880,-1912,-436,6033,-4164,5178,64.0,
-18256,-4508,-1176,-20080,-12185,18362,67.2,
-26996,-9580,-4756,-32768,-21648,25164,76.5,
-15068,-14028,512,-21329,-13187,19372,68.4,
-14844,-4096,-3412,4042,-3373,9101,68.6,
-11852,-6472,-120,-19098,1054,6879,58.8,
-11808,-6480,2376,3116,9178,5008,66.3,
-15752,-3100,3536,-7900,9669,4747,66.5,
-15532,-4236,8808,-5290,7974,2082,66.3,
-15392,-1892,7112,-4368,3037,-1540,68.1,
-14816,-3012,3956,-2016,-4311,-3270,68.9,
-16544,-6876,3040,-1145,-9543,-6428,60.3,
-20504,-6436,1248,1761,-13002,-13971,66.0,
-18136,-6076,388,-12056,-13721,-18032,68.7,
-10432,-7652,1680,-11628,-6575,-15972,64.9,
-9088,-8564,3896,4884,301,-4369,68.0,
-8720,-6428,4084,15570,6704,7838,69.5,
-16012,-7676,5980,24368,18436,13604,61.4,
-18364,-2676,-1904,-22403,6718,5271,67.4,
-13460,-9200,4976,-23006,5990,6493,73.4,
-14280,-856,4048,13343,11322,426,64.8,
-15744,428,4548,-2255,1743,1870,63.7,
-13992,-1176,3920,-5468,-5896,-839,60.6,
-18756,-6908,3068,4710,-12098,-3750,68.3,
-23404,-7332,2088,2745,-14821,-13041,66.1,
-17332,-5748,1276,-5621,-15776,-15866,68.9,
-13948,-7220,1280,1474,-9017,-15930,67.4,
-11896,-3392,2372,1807,-5422,-8816,66.6,
-11356,-6368,6104,-1757,13077,18409,79.6,
-19328,-4528,592,10391,16435,14544,64.5,
-16772,-4640,4572,-16494,11740,11400,66.7,
-14500,-4724,5868,336,10513,3374,60.5,
-13752,-3052,7728,-4575,4054,2627,71.1,
-14784,-2888,6216,4678,-1411,-2836,74.4,
-25680,-9352,7264,5719,-7591,-4716,71.4,
-22904,-6248,2580,1981,-15760,-12078,66.0,
-17500,-5732,836,-8699,-20107,-20428,67.2,
-13880,-7348,1056,-7001,-10661,-21559,80.5,
-12900,-4152,10336,1891,4615,4497,64.3,
-16524,-7016,5768,-896,-4976,-4752,57.2,
-16988,-7728,5236,2810,-12966,-13978,69.4,
-27760,-6840,-552,2820,-20216,-18850,61.2,
-16472,-8080,1372,-9714,-13603,-27172,68.3,
-11692,-5628,-924,9319,-3629,-19115,70.8,
-8904,-3404,1036,-1102,125,-3669,80.8,
-20284,-6004,1020,-2011,7575,16486,66.7,
-14432,-5784,5464,-3209,14447,28987,62.7,
-18820,-8992,5720,397,13984,24894,66.1,
-12968,-5196,6596,11382,10029,1543,63.4,
-11512,-6600,8184,-2230,651,-1115,66.4,
-30168,-7188,4812,-2056,-6855,-6269,65.2,
-18940,-8340,3188,-13734,-12131,-13898,65.3,
-16876,-6296,1252,3513,-8028,-21700,69.6,
-14400,-6580,768,7063,-4859,-18362,64.8,
-12304,-3740,1192,2458,-4221,-8070,65.2,
-12128,-4144,1720,-3538,-1510,5883,65.8,
-10176,-11204,5068,-9885,2361,27128,75.5,
-21004,-8092,3828,5714,11668,21254,63.1,
-21004,-9912,6264,254,-6355,-8090,69.8,
-20932,-7488,1864,13185,-5391,-16545,72.4,
-14888,-4412,1504,2642,-8423,-14251,75.6,
-12572,-6004,1096,4952,-4773,-10741,57.6,
-12204,-3988,856,538,-1818,-3021,70.2,
-14636,-4756,2084,-4420,702,5710,67.6,
-9944,-6220,4064,-6707,5948,17428,61.9,
-16840,-7992,7540,14263,14991,18463,67.0,
-14208,-6916,9548,6334,6754,11490,78.1,
-13896,-6056,7976,14506,-1476,-6252,72.7,
-17548,-5352,4332,13625,-8888,-7144,70.3,
-20428,-5392,380,10166,-12989,-8013,78.1,
-13928,-5200,-472,-10484,-10760,-7730,67.1,
-14132,-8600,-3436,15802,4323,-7433,64.9,
-13404,-8200,-7708,-7224,8960,6611,66.7,
-17868,-12376,-5248,32767,24744,-17222,73.2,
-22120,-3132,-1252,32767,7870,-29067,62.0,
-15704,-3676,2128,4006,-3227,-16301,57.6,
-13032,-5224,1356,-4304,-3712,-481,75.8,
-14428,-4420,1996,69,581,3586,66.9,
-16700,-5532,2040,-5206,1320,14421,68.2,
-13600,-7176,5856,6478,8042,11928,68.4,
-14500,-5044,5648,5627,6422,9106,67.0,
-14492,-7252,5980,1648,1224,1722,68.3,
-22224,-8084,3084,-2396,-2000,-7083,65.2,
-13744,-9088,3164,3108,-4235,-14159,65.4,
-15520,-4872,156,-742,-5723,-12777,71.4,
-13000,-7780,1024,7398,-1340,-10708,77.1,
-13096,-4756,676,9070,282,-1482,61.8,
-13384,-4108,820,313,314,5395,67.4,
-11340,-7216,3704,-12596,2717,14428,65.0,
-16844,-5128,1788,12187,9254,8350,63.7,
-14176,-5216,6604,-1359,7949,6186,64.5,
-12528,-4784,7636,10536,6467,3111,64.3,
-12904,-3988,5492,3419,-1617,-1012,68.3,
-15096,-5016,4112,1764,-12956,-4709,69.4,
-24136,-7800,1864,973,-12229,-11964,61.4,
-14048,-5976,1884,-2271,-10539,-15889,61.4,
-13432,-4476,208,3616,-7563,-16283,66.1,
-12972,-4824,2120,-4394,-4788,-7180,66.1,
-8948,-5344,4652,-10093,-351,17769,71.3,
-18592,-7956,5424,-1366,9210,24485,66.3,
-16796,-8304,6704,3450,15404,21994,77.5,
-13812,-5796,6384,16214,15364,11009,63.1,
-12784,-3624,6568,-302,1972,323,61.8,
-25816,-8240,7844,1533,-7685,-10773,65.7,
-22128,-6444,3508,8601,-15757,-16138,72.8,
-16852,-2588,4388,2634,-18288,-15279,66.2,
-16040,-6992,1340,-1666,-15856,-6687,60.9,
-13256,-4988,2308,-8585,-9149,-4368,66.1,
-16548,-1452,500,-1758,1229,2116,72.5,
-13772,-9820,5320,-19714,7518,27704,77.5,
-18208,-7548,2320,21561,18220,19641,71.3,
-17352,-1704,6948,-6716,16061,9840,65.0,
-14928,-5892,9920,-818,9961,7188,67.8,
-15216,-3120,7944,-4575,-1492,-457,64.8,
-22220,-8252,6616,-7991,-12865,-6527,60.7,
-24292,-8504,2892,8016,-11977,-17816,67.6,
-16352,-3852,1220,-674,-15238,-18889,79.5,
-14004,-6608,564,-406,-9480,-18221,61.1,
-11212,-3804,2380,4292,-393,24,69.5,
-9212,-7092,4000,-17452,2842,23485,59.3,
-17960,-11548,5720,10504,14516,23251,61.0,
-13664,-6304,6416,5284,15629,15443,68.4,
-14324,-7200,7824,2566,9796,7504,69.9,
-12424,-4476,8940,-1293,-10,-1151,68.9,
-14500,-5032,4484,-7647,-8097,-7314,74.8,
-19724,-10140,3480,-4389,-11047,-13715,65.4,
-17180,-5936,1532,1146,-11456,-20227,78.6,
-12932,-5932,1480,4061,-5131,-21867,66.6,
-13620,-5072,7512,397,11597,26076,70.8,
-16296,-8468,8140,4003,10673,20336,66.2,
-14644,-6300,10056,10360,9137,12769,68.3,
-15576,-8096,8872,8727,1726,5788,66.1,
-15448,-9744,7768,17208,-2697,-4019,66.8,
-20120,-4420,-3720,27332,-10927,-7952,62.2,
-16628,-10220,-6484,23652,-10623,-5374,67.7,
-13052,-10616,-7452,21880,1314,-3187,63.2,
-18200,-9804,-4376,21160,1550,-9194,70.4,
-17600,-3848,-2944,4314,-3372,-18367,64.8,
-14812,-6868,284,9847,5455,-15987,65.6,
-20888,-2832,-468,21270,4944,-11044,64.4,
-17696,724,1440,-4915,-590,-2028,67.5,
-13744,-2888,2992,865,3913,9054,78.8,
-15412,-5504,3880,5907,8212,15169,63.6,
-16008,-5640,6536,8642,9557,13448,68.5,
-21124,-6800,6284,2042,3361,6118,73.9,
-10308,-6148,4104,5659,-5093,-8311,67.6,
-19496,-4732,1792,3861,-12491,-12856,67.8,
-16516,-6476,1596,-2707,-11244,-17263,59.6,
-17668,-5968,1652,801,-6277,-13452,67.4,
-19536,-2020,-1644,-2407,-4637,-1781,62.9,
-8400,-4316,4468,-2715,5945,7448,68.7,
-12460,-4552,3552,4674,12255,18900,64.0,
-16316,-6224,6000,-3311,14710,19979,61.0,1.0
-9916,-7728,6468,-4401,5805,9928,64.9,1.0
-5176,-5860,6504,6637,1420,-3426,68.3,1.0
-18988,-10828,8476,17095,-3094,-10404,61.8,1.0
-22036,-5468,5932,32767,-21810,-20382,61.3,1.0
-1592,-4000,3880,-14400,-25076,-11998,62.7,1.0
11820,-9012,30592,-4422,7610,2427,62.7,1.0
-13156,-9012,10192,-9567,12001,5544,62.7,1.0
-15000,5304,460,-5306,-2744,8788,64.5,1.0
-10208,-10600,10900,165,-2612,13253,57.0,1.0
-15968,-7144,2340,-14106,-7933,31712,67.4,1.0
-27876,-9572,6156,-27939,-15414,32767,68.8,1.0
68,-472,19536,-6921,-15014,28658,64.6,1.0
1372,-13428,7828,4990,-20828,32331,64.6,1.0
5652,1488,5800,5586,-21453,19961,70.3,1.0
9176,2308,8168,3176,-18783,19254,65.7,1.0
15228,-5564,7960,-15909,-18031,12183,59.9,1.0
16104,-3612,3092,2032,-9949,8719,72.3,1.0
14616,-7560,3492,156,-6125,11106,72.3,1.0
16692,-5176,-2028,1673,-264,11638,109.8,1.0
19776,-11576,4120,14000,8182,15858,66.6,1.0
7976,-7036,7692,4669,8877,7617,68.9,1.0
9840,-13888,8204,5670,7224,5044,73.1,1.0
5124,-8112,8004,-7347,9365,5386,82.9,1.0
2548,-14356,15060,-1411,8311,11688,82.9,1.0
2372,-13248,8020,-14920,-5464,1091,73.2,1.0
3368,-19156,8400,-1729,-30,673,81.0,1.0
2464,-13852,6680,-1010,-297,513,75.9,1.0
2404,-14792,6424,-2748,-769,529,66.3,1.0
2456,-15152,6088,-454,-39,48,75.0,1.0
2456,-14704,6152,-770,-196,183,75.6,1.0
2476,-14984,5996,-564,-162,113,76.5,1.0
2548,-14984,6092,-376,-65,19,85.1,1.0
2576,-15080,6016,-499,-99,79,71.2,1.0
2532,-15080,6144,-473,-125,29,71.0,1.0
2460,-15052,6240,-467,-167,61,85.7,1.0
2452,-15080,6076,-834,-270,80,86.3,1.0
2364,-14980,5960,-453,-198,22,86.8,1.0
2432,-14976,5880,-486,-186,195,84.4,1.0
2312,-14928,5880,-256,-25,274,84.9,1.0
2332,-14876,5960,-642,-122,114,80.6,1.0
2400,-15036,5832,-406,-88,9,82.7,1.0
2392,-15008,6068,-424,-73,96,72.0,
2376,-15168,5820,-320,-77,56,65.7,
2404,-14996,5892,-494,-198,99,76.3,
2308,-15028,6004,-428,-117,54,62.8,
2368,-15040,5960,-586,-252,185,66.0,
2384,-15124,5788,-551,-154,139,69.0,
2352,-14996,5888,-498,-176,99,67.1,
2452,-15080,5800,-472,-129,106,66.3,
2368,-15208,5788,-555,-200,73,73.9,
2308,-15120,5748,61,6,-75,69.1,
2292,-14996,6124,-153,-45,-44,64.6,
2452,-15260,5836,-254,-98,-5,67.9,
2424,-15000,6260,-1509,-380,-786,70.8,
2620,-15928,6188,-801,-1925,-2732,64.3,
4168,-17132,4652,-1864,-830,-2502,66.5,
2640,-16080,5880,5124,1109,-4809,63.1,
6652,-17032,9604,1838,-3465,-8265,69.6,
6168,-16032,5020,-6487,-7637,-12652,63.8,
11264,-12700,-1636,-10956,414,-15328,65.2,
10040,-12092,3868,3061,6146,-20708,68.8,
13412,-1260,4432,3619,1982,-17922,65.8,
19104,5196,1420,-6443,-937,-12027,66.4,
17768,3380,5472,-7736,5864,-5062,64.8,
9932,-164,5268,-16120,-1965,2989,62.8,
19612,-1720,4028,6121,13825,-4494,63.5,
9748,-7980,8816,19951,17263,-5618,67.6,
6740,5792,4416,22902,15066,-3324,70.0,
6100,1816,8308,4165,14431,2576,67.9,
6112,2036,12356,9417,8505,392,64.6,
6172,12144,11716,15399,8784,-10418,70.4,
3212,9140,12416,-1744,3157,-9191,68.6,
-3344,10436,12948,3858,-1515,-6355,79.4,
-2148,9200,6804,-15094,2806,-4637,78.3,
-13724,11932,10296,-6754,6956,3695,76.6,
-4432,1900,6088,-32768,-2404,24047,72.4,
-5756,-14324,12840,-8376,4587,25232,66.4,
-8448,-11880,7724,12828,15106,12171,70.4,
-16424,-4544,13548,-2659,21566,1588,68.5,
-14304,-13868,22700,-7727,5457,-792,65.1,
-7672,3220,10068,448,5266,2558,68.2,
-12648,4684,10464,-3745,8310,7518,62.8,
-27428,-11968,6980,-1578,7371,9912,64.0,
-16200,2716,3872,1842,-3857,-13327,63.7,
-17448,-2964,3284,-20590,-7717,-6714,65.5,
-20612,-1564,2172,14081,9262,-6430,61.3,
-4060,-1416,5160,-4994,4979,-3943,60.8,
-1516,-3324,1768,10660,6213,-7665,80.4,
-17216,-6332,1868,12539,15466,-3799,64.9,
-14424,-9524,3568,22518,10392,8398,67.1,
-14376,-3008,2832,11608,5089,402,65.2,
-13992,-15416,8228,12436,538,3205,76.6,
-14908,-8948,204,32767,1669,1450,66.2,
-16384,-2160,-868,11319,-5801,6624,70.0,
-7768,-4468,-660,27196,1155,783,71.5,
-15324,2136,-2216,-20525,4339,-1294,61.1,
-13016,3716,5464,18452,14233,-1048,57.5,
-16904,5040,4828,12203,3455,2522,73.3,
-13144,-2644,5368,-8718,-6396,1015,74.1,
-16172,-7956,4840,6191,-5515,-3812,57.2,
-19404,-6652,3932,7972,-15163,-9180,67.1,
-23456,-2756,-84,-5984,-24447,-20723,59.7,
-13612,-8724,2240,-15295,-12781,-22063,58.5,
-11692,-4876,-576,10732,-2544,-10813,67.5,
-8168,-5516,3648,10938,8086,1445,76.1,
-19756,-5720,5400,-5865,21608,23815,58.4,
-20972,-7832,6332,5922,21388,16358,68.2,
-17252,1620,5276,-9522,7921,1544,62.4,
-12680,-4696,8840,-12138,1697,-1371,61.4,
-12412,-2936,6920,11089,1841,-1638,64.0,
-15272,-2720,3008,405,-5103,-3351,61.7,
-12828,-7084,2444,-6673,-14323,-6494,71.1,
-23260,-7084,2120,6251,-8190,-21255,65.5,
-13724,-5292,964,5175,-5745,-19558,64.6,
-10552,-4720,2108,7904,-846,-6427,76.6,
-11040,-8392,4812,-12742,6908,16582,59.1,
-18288,-2416,1348,8703,10163,10174,69.7,
-13508,-5328,6076,-18822,4784,5517,75.3,
-11140,-7512,5752,-17323,1741,10313,71.6,
-13976,-7768,8120,9042,2748,-808,62.9,
-26912,-4928,5428,3552,-6627,-9758,65.3,
-21560,-9252,3392,8383,-8823,-17841,68.1,
-16952,-4160,2628,10602,-10110,-16734,67.4,
-14272,-4472,908,2060,-11888,-15983,66.1,
-9760,-3504,2232,-6545,-7129,-5932,61.6,
-13476,-5380,2216,-3391,7828,17528,69.1,
-10744,-9748,10844,4734,17101,28133,76.4,
-17552,-4776,8904,16594,12957,10999,69.7,
-12668,-6144,11736,10596,280,-660,59.8,
-14676,-7160,6820,16687,-2400,-1972,68.1,
-16316,-6128,1076,19063,-3391,-7300,69.3,
-13036,-5216,-88,14910,-5195,-7557,67.0,
-15124,-5160,-9188,21684,-2327,-3061,62.9,
-14836,-8876,-4200,11862,2662,-1273,66.6,
-15584,-8200,-3068,24070,7307,-8472,61.7,
-15332,-4248,1276,9402,-3567,-14518,68.3,
-15296,-5676,2192,-720,-1276,-4103,65.4,
-13184,-5588,3432,7841,3141,3754,66.2,
-14360,-1836,2028,-2678,1349,8998,65.9,
-17260,-5212,3400,-7156,1564,12311,66.5,
-14192,-5368,4632,4673,6692,9294,68.8,
-13060,-4660,5316,10497,8342,6410,67.6,
-12668,-3316,5564,8727,4174,323,60.2,
-18660,-5348,4276,2121,-1752,-4672,66.6,
-15628,-6560,3016,-1340,-9656,-8311,65.3,
-12180,-11828,304,-24506,-2385,-17957,67.7,
-9896,-14360,1120,23747,6914,-15436,67.8,
-8892,1204,-284,32767,8265,-1111,66.7,
-13648,-8104,2484,-15414,4011,17897,62.8,
-15208,-2868,5616,2162,11665,26225,67.2,
-18144,-8712,2900,1796,11962,13268,67.4,
-15316,-6552,3740,-2667,8113,5575,62.5,
-14008,-4792,5968,2518,8894,2020,59.3,
-14168,-3856,7340,5435,3770,182,67.9,
-15172,-3232,4020,4151,-3794,-5068,59.9,
-14028,-6236,-244,7979,-5883,-13222,71.3,
-10912,-6872,1660,1946,-1464,-5667,71.8,
-7472,-6572,5956,2240,5403,2956,68.2,
-13652,-7936,8828,5528,10213,4206,68.8,
-10604,-4956,11660,-7485,784,2109,69.4,
-4584,-13528,11276,-20378,-6042,4733,67.0,
-5684,-12420,9032,4015,2010,-2386,66.5,
-11796,-14120,8852,8133,3032,-1621,61.5,
-13292,-11400,5332,8293,4898,-4462,68.4,
-11444,-9216,4628,10029,1847,-3394,68.3,
-13412,-8516,4196,-10069,-4792,4292,67.5,
-7156,-10388,5972,-16273,-5628,9928,66.4,
-11676,-12192,6884,4331,-519,2366,68.8,
-8712,-7408,5880,-3288,-2351,-585,61.2,
-6896,-6996,6004,-4166,95,-652,61.8,
-8684,-7792,7012,1332,3101,3514,73.4,
-11108,-9152,5380,-4786,3416,-821,70.2,
-14812,-11352,5724,-6693,5515,1567,64.6,
-16808,-5516,-3468,-13283,3161,2303,64.2,1.0
-13608,-5780,1624,-8686,-520,-6105,65.9,1.0
-488,-1024,1080,15489,1885,-966,66.7,1.0
-10944,-14876,8648,281,-3303,280,67.0,1.0
-14764,-8912,5752,32767,-7956,-7277,61.5,1.0
23364,5184,-1388,-20354,-18796,4413,63.1,1.0
5096,-22876,10780,15662,9964,-11123,58.8,1.0
-19488,-9196,18768,32767,6375,11550,64.6,1.0
-30392,-4744,3212,-54,-8239,-2676,69.1,1.0
-16356,-20508,15472,-3686,-19908,-4694,69.3,1.0
-2880,1768,21016,2739,-13243,-3944,65.9,1.0
-2788,-8752,12384,-3364,-12942,-6852,59.3,1.0
2632,-10044,12048,-1051,-385,-2571,75.1,1.0
3944,-3648,14208,1013,3423,-3781,61.3,1.0
6592,-8808,12340,543,4,-729,74.4,1.0
4848,-8548,13296,-119,-124,333,69.2,1.0
5192,-6936,13992,5916,986,832,73.9,1.0
2356,-7108,12504,3977,2111,7199,65.2,1.0
-4528,-7348,17112,407,14537,13647,64.9,1.0
3648,-156,13292,11261,15602,-748,68.7,1.0
-1560,-2364,9080,-178,-3415,-480,68.9,1.0
-2056,-5076,15200,-5545,-6867,3031,101.0,1.0
-1032,-4536,14144,-4595,-3700,-3394,71.0,1.0
1000,-4764,13760,-893,-6260,-2577,68.4,1.0
2656,-5624,14168,485,-5835,-1333,71.2,1.0
3340,-5944,14436,-444,-2772,-711,76.8,1.0
3712,-6776,14344,-1438,-1050,-794,70.4,1.0
3872,-6552,14244,-1062,-472,-266,79.6,1.0
3764,-6452,14100,-876,-302,-71,82.8,1.0
3736,-6472,14028,-423,-198,53,74.2,1.0
3676,-6668,14104,-133,-170,-33,80.2,1.0
3848,-6276,14044,-465,-202,46,75.4,1.0
3820,-6324,14136,-653,-158,107,89.8,1.0
3676,-6212,14236,-597,-159,92,90.4,1.0
3628,-6368,13892,-568,-431,-4,90.9,1.0
3708,-6300,13996,-772,-204,86,78.2,1.0
3828,-6316,14208,-520,-192,47,73.1,1.0
3860,-6556,14052,-127,-19,-38,65.3,1.0
3824,-6304,13996,-593,-182,14,76.1,1.0
3680,-6216,14120,-553,-276,-58,91.4,1.0
3824,-6316,14012,-499,-233,128,80.8,1.0
3816,-6288,13944,-287,-151,57,81.1,1.0
3820,-6396,14072,-266,-172,-2,68.1,
3632,-5424,14092,-243,-340,68,65.2,
3992,-6148,14252,-452,-162,152,56.7,
3948,-6288,14132,-533,-187,53,61.7,
3948,-6036,14188,-278,-27,73,65.6,
3892,-6104,13912,-359,-29,92,60.9,
3976,-6136,14240,-314,31,93,55.0,
3824,-6148,14192,-617,-103,125,65.9,
4124,-6940,14324,-585,-55,291,63.7,
4076,-6376,14176,-357,29,-198,78.8,
3472,-5920,14056,-423,-205,2,72.9,
3768,-6500,14168,393,-15,-311,81.5,
3896,-6696,14076,-341,-122,20,64.5,
3980,-6448,14072,-855,-160,7,56.3,
3884,-6080,14036,-899,-234,174,63.0,
3920,-6328,13908,-911,-225,157,66.5,
3696,-6644,13944,-547,-171,83,74.4,
3848,-6588,13964,-503,-224,101,73.4,
3804,-6568,14024,-359,-121,63,71.9,
3808,-6388,13992,-462,-97,68,61.6,
3852,-6700,13916,-317,-57,201,63.8,
3720,-6268,14060,-820,-291,596,69.0,
3640,-6144,13804,-87,160,58,68.8,
4140,-5512,15292,3303,4415,1716,68.6,
3108,-9524,17308,-310,12629,9862,71.4,
-5520,-6912,19024,902,19530,6900,69.0,
-10892,-7512,14272,-4287,24592,9335,69.6,
-14920,-7868,5380,-4037,25820,14050,63.0,
-19092,-4824,-1656,462,23473,14552,68.3,
-18948,-856,-4232,-9577,9838,12748,66.8,
-3792,6904,1616,-1434,4212,-350,64.4,
-8660,3328,348,-8335,2724,3998,77.8,
-10336,-500,4644,-3687,5115,1731,63.2,
-29464,-188,4116,32767,11683,-22517,68.2,
-18736,-6516,-2488,4328,-6043,-5839,63.5,
-16872,-6156,-9108,17665,-12825,7342,70.9,
-20444,-5268,-20216,-18347,-22912,11431,68.2,
-24408,-4232,-7764,5484,30860,744,67.8,
-16612,1764,-784,-7306,6320,1437,59.7,
-7512,-2672,3192,-18600,-3520,4421,69.9,
-20744,-6304,3460,8069,-14260,-18164,62.4,
-25832,-5220,2444,6523,-21208,-24947,70.9,
-17360,-5572,2784,-2214,-17380,-20025,65.2,
-11968,-2604,388,1211,-10941,-9912,73.1,
-8000,-6676,2764,-19241,-3186,16419,66.1,
-13624,-8512,3452,9293,8121,21883,73.6,
-17696,-5484,2648,-16783,10940,26121,66.9,
-14928,-12124,5768,4024,13094,18162,80.0,
-14724,-2168,6040,1055,8860,3760,67.9,
-14068,-7236,8288,-7244,146,-1157,76.0,
-16596,-5092,4424,-2497,-12325,-15015,65.1,
-22692,-5016,1992,-13179,-23901,-25651,68.4,
-10128,-7672,2184,-16650,-10828,-25596,70.4,
-8124,-7796,72,11689,-3928,-10284,69.0,
-9904,-3712,1004,8623,-2199,10932,68.1,
-20588,-13520,4072,17182,4773,19513,80.2,
-15376,-8560,3808,-32063,-187,25308,66.0,
-15924,-11504,5588,-18184,-147,21695,66.9,
-17432,-9240,8,-32768,-9144,21635,65.7,
-14428,-10500,-1172,-32768,-8878,12931,66.2,
-13876,-6272,4224,-18740,6667,1407,66.8,
-15832,-3276,8568,589,6744,-2116,75.3,
-16144,432,6296,-11223,-3326,-865,68.5,
-16464,-4940,4432,-7124,-11096,-1113,67.9,
-20700,-6512,3480,3682,-14310,-8398,62.8,
-18732,-12240,5708,8413,-14080,-17531,69.7,
-16144,-6632,2940,7782,-16507,-15956,63.3,
-8224,-5332,3260,-3818,-15251,-6286,64.1,
-4148,-6224,5336,-763,-4582,751,66.3,
-7360,-5716,4712,-3311,3774,6102,61.4,
-20604,-7036,2832,-14991,13499,23510,67.5,
-18956,-8844,5564,-5745,13527,17325,70.0,
-15320,-3632,6448,-5198,9335,4891,60.7,
-12176,-5576,8340,865,3117,2349,67.8,
-13780,-4428,5880,4970,-4420,-4223,64.6,
-19892,-6640,4060,6046,-15889,-7834,69.8,
-26740,-7896,2684,5970,-17482,-15900,66.7,
-17572,-4832,976,-1358,-17658,-18040,69.8,
-12376,-5864,-416,-791,-11331,-14297,65.3,
-10928,-4884,1404,1276,-2255,-6505,67.3,
-20284,-8128,5576,4269,15446,26224,69.0,
-17768,-3252,5196,-1598,14046,14302,66.9,
-15340,-6764,6436,-4964,7817,6687,70.4,
-12784,-5184,8200,1936,2947,1432,66.3,
-16716,-6552,5836,2509,-2835,-4752,69.2,
-15600,-6852,3840,8872,-12417,-13135,64.6,
-23644,-5228,896,6182,-20038,-17557,68.2,
-15600,-6264,1572,-6628,-15292,-19402,60.7,
-11720,-5456,-820,3331,-7906,-12496,69.3,
-10272,-5728,1664,1719,-111,-2185,64.2,
-20012,-3680,964,-3071,6841,13814,64.5,
-16068,-7332,4996,-14154,11776,24178,62.3,
-19368,-6976,4216,2744,15884,22522,62.7,
-16356,-6932,9052,3998,13898,12115,59.1,
-12984,-4312,10624,-403,2059,4126,69.0,
-14256,-7076,5276,-3673,-7774,-6354,66.7,
-13940,-6356,4588,3411,-14269,-14758,69.2,
-28184,-8156,908,5599,-16295,-21111,68.2,
-15144,-5320,1772,-3619,-12289,-22588,67.5,
-11048,-5168,-812,3882,-6710,-14416,66.4,
-17944,-2696,3608,932,3394,9398,66.8,
-12852,-8136,5240,-17668,4222,32767,66.8,
-21160,-10256,2968,193,9237,28786,67.2,
-15460,-9132,4504,4275,9840,11721,70.6,
-13216,-7008,7096,-7802,3132,5431,60.4,
-12216,-7596,5824,3218,636,-4176,73.8,
-20616,-7728,4080,-10226,-6346,-6924,64.9,
-25020,-10488,644,8609,-5874,-19792,65.6,
-19604,-9368,260,-3473,-8369,-32768,63.4,
-14584,-21184,-196,-19207,-2410,-32768,67.8,
-3532,-17628,796,6226,6348,-32768,52.0,
4256,-9472,2740,2112,3430,-32768,60.5,
7908,-5920,3476,-3927,5151,-24514,69.7,
9596,-2844,3784,-5672,1095,-9548,62.1,
10568,-860,6272,1182,911,-1809,64.5,
17096,-3968,6896,8363,877,-2052,67.3,
13732,-892,8000,308,-1949,1791,60.4,
11200,1192,2736,2146,-2983,4866,64.4,
11708,-5564,-256,8675,-5470,19817,62.3,
8340,-9036,-348,17072,2559,32767,64.9,
-3068,-20856,2292,-14352,-1232,32767,64.8,
-8568,-21156,1976,4896,-5635,32767,63.4,
-21316,-20256,-3612,-23091,-18282,32767,67.9,
-21020,-13296,-3368,-32768,-30294,19359,64.6,
-12692,-12788,-1664,-30842,-18305,92,68.6,
-13556,-9532,-272,16386,-3174,-809,75.4,
-9300,-2640,-2760,-13172,-7213,11282,65.8,
-13156,-7532,8304,-8019,1710,4494,60.8,
-13532,-4272,2576,-21334,-1912,9117,61.7,
-7076,-13008,8348,-7281,616,6536,77.0,
-13076,-9452,5080,-3620,-5382,-6953,69.0,
-10196,-8588,2564,-16951,-7621,-2810,68.8,
-9176,-13944,3596,-2828,-2557,1545,59.9,
-11064,-9120,2064,17057,2646,6202,63.1,
-14584,-5188,1920,8987,5121,13943,59.9,
-12120,-7396,2336,-23224,460,18443,68.0,
-14808,-8312,2020,8319,8310,5747,64.3,
-13760,-3140,3812,-2768,4953,1714,75.7,
-12344,-6260,7296,-1170,3129,-1528,65.7,
-14896,-4148,6692,7237,1053,-2938,68.1,
-26020,-9448,7044,6004,-3405,-1077,64.3,
-18868,-5696,1468,11139,-7255,-6493,75.1,
-14580,-4756,1364,-2233,-12934,-9121,69.6,
-12392,-6368,904,-4018,-9709,-10989,66.6,
-12964,-5096,980,-3685,-4732,-5243,63.2,
-20320,-4388,-132,-6103,422,4553,64.7,
-9140,-6880,4864,-12076,4279,15946,66.0,
-16124,-6716,3308,5209,9991,19145,74.5,
-15312,-5700,6420,-5574,8847,11947,64.2,1.0
-13704,-7136,5772,8688,6722,3540,64.4,1.0
-16760,-4368,1524,5958,-11548,-15748,64.4,1.0
-13608,-6600,668,1655,-8231,-14869,64.4,1.0
-11596,-5356,312,-1708,-3727,-6350,74.6,1.0
-12576,-6508,3368,8077,2604,2005,74.6,1.0
-11324,-1860,6420,-3052,3354,6654,74.6,1.0
-14108,-2156,4852,-3012,4555,10182,69.8,1.0
-11312,-4724,6672,-9074,4434,12267,65.4,1.0
-14248,-5148,5008,4481,208,3079,71.8,1.0
-7732,-12084,7308,-20899,-6587,-9036,67.5,1.0
2272,-13244,7148,4699,353,-18277,72.9,1.0
-12992,-18372,-4700,-16104,4641,-24884,67.9,1.0
-4016,-14692,-10792,-25788,-1932,-17316,64.1,1.0
-1764,-16916,-15960,-2311,2401,-9740,69.5,1.0
-5452,-10948,-16272,-5806,1063,-15615,69.6,1.0
-10744,-12660,-2848,-1020,4263,-2451,67.3,1.0
1872,-2392,-14652,-12652,-14017,3129,75.6,1.0
4672,-14084,-26212,-8025,-10311,1365,75.6,1.0
1740,-5368,-16968,-2274,3639,1831,94.2,1.0
784,4308,-19144,-1682,3255,1810,68.2,1.0
6440,-6196,-17308,5891,254,-1661,64.2,1.0
4764,-2552,-18272,-1918,-757,-1303,78.4,1.0
4052,-5528,-16052,582,-213,-892,62.3,1.0
4052,-4536,-16424,-2848,-477,331,71.0,1.0
3832,-4268,-16812,-784,35,-223,69.1,1.0
4032,-5432,-16300,366,-78,92,69.5,1.0
3748,-4936,-16028,-495,-191,-38,80.6,1.0
3740,-5300,-15772,-41,-19,270,74.6,1.0
3768,-4316,-16064,-1175,504,596,66.2,1.0
4048,-5768,-16172,927,-315,89,72.1,1.0
3704,-4524,-15820,-1570,-264,226,82.5,1.0
4080,-5500,-16288,-837,-251,-185,71.0,1.0
3872,-5136,-16620,751,634,150,71.2,1.0
4152,-5784,-15460,-519,-230,270,68.4,1.0
3988,-5020,-16432,108,-239,-473,72.2,1.0
4004,-5468,-16212,748,-100,-80,79.5,1.0
4064,-6100,-15752,-132,-152,166,77.1,1.0
4160,-5956,-15624,-143,-106,30,76.1,1.0
3948,-5272,-16016,-735,-140,374,76.3,1.0
4176,-6312,-15716,-498,49,377,76.6,1.0
4136,-5576,-16152,-222,-220,-220,76.8,1.0
3964,-5748,-15892,-620,-251,221,69.1,
3748,-5216,-15892,-524,-39,-115,70.1,
4168,-5992,-16008,-518,-161,8,64.2,
4116,-5844,-15676,-288,-115,-29,63.5,
4080,-5904,-16096,-422,-129,91,68.6,
3996,-5888,-15744,-453,-180,89,71.5,
3992,-5552,-16116,-361,-42,-109,75.9,
4048,-5728,-16020,-501,-156,286,68.4,
4100,-5464,-15900,-720,-270,50,71.1,
4072,-5632,-16052,-228,-98,-6,67.2,
4032,-5656,-16036,-598,-178,17,67.7,
3848,-5708,-16108,-65,-294,-83,62.1,
3864,-5564,-15736,-252,-150,171,56.4,
4032,-5636,-15720,-164,-66,-103,54.1,
4240,-6688,-15408,1558,-172,-481,66.0,
4020,-5592,-15940,-845,-170,260,69.8,
4064,-6308,-15704,-437,29,53,66.8,
3976,-6260,-15840,-345,-281,3,69.0,
3928,-6208,-15532,369,-91,-59,72.2,
3904,-6776,-15520,823,-580,-294,60.6,
3916,-6328,-15516,257,433,791,67.9,
4172,-6360,-15672,1952,-74,-698,64.9,
3272,-2632,-17660,2142,-226,-699,72.5,
4752,-9192,-16832,8099,3753,911,63.2,
6224,-11316,-17072,6602,8443,-197,63.9,
7460,-12312,-11312,12260,9785,-5269,66.2,
6672,-11080,-8632,18799,4135,-2234,76.7,
10220,-13076,-4888,23951,-234,8998,65.9,
7292,-16408,1872,17006,6352,20481,66.8,
3220,-19596,6412,32767,15062,6762,66.5,
-3956,1104,4848,-22028,2144,16445,65.4,
-6344,-3040,11192,-11049,7033,11890,63.3,
-7600,-1648,11624,11263,2810,-9766,67.2,
-18832,-1300,4848,12792,-1118,-17953,65.0,
-31116,-4088,5656,17556,-13045,-24632,69.7,
-32768,-5028,-2252,-11465,-28891,-28495,64.7,
-20000,-11932,-1332,-25704,-7526,-31166,69.2,
-8344,-9492,-2708,-2078,6961,-17178,66.2,
-5828,-10436,1052,-5233,12308,-7448,65.8,
-2668,-10124,3060,14188,12504,-5215,63.9,
-8516,-10380,4360,18943,8762,3115,64.3,
-18204,-11740,4660,20324,13796,15912,83.1,
-12936,-1336,-2828,7823,9406,11441,68.4,
-16204,-5920,152,-31576,5041,18546,71.3,
-17576,-9560,776,-24974,3814,24989,66.3,
-15860,-9588,6744,-7474,11651,19118,68.8,
-13872,-688,6064,16593,11114,8813,68.3,
-11084,-7824,11108,-17278,-3670,-1294,63.5,
-21608,-9464,7148,10041,-2375,-12867,69.2,
-20448,-4592,2332,11900,-15926,-21569,69.4,
-14468,-1552,-832,9998,-12952,-9563,70.4,
-8708,-6616,708,-15448,-9485,4097,63.0,
-16484,-7536,-808,-17865,-610,19899,69.5,
-14952,-8468,-280,-13891,8692,27191,62.9,
-16988,-12720,6484,25742,26861,23710,60.7,
-17488,-4640,10152,8428,16154,3149,68.2,
-14864,-3528,10788,-7488,-2154,-5070,68.7,
-14700,-5636,5556,-7910,-10062,-5916,66.0,
-17596,-6472,-4176,-10438,-20498,-8056,77.0,
-18960,-8740,-300,-21754,-18935,-13378,68.3,
-14408,-4384,212,-216,-10624,-9599,67.0,
-12044,-10140,560,-7477,-13889,10589,59.6,
-15368,-7036,-1524,-16174,-18204,24097,65.4,
-21140,-12948,-5356,-32768,-27309,32767,65.7,
-15068,-14444,-4008,-32768,-23623,23891,57.3,
-12180,-7548,-2776,12433,-3166,3164,79.6,
-12516,-5376,-2804,3285,3982,4600,69.0,
-18652,-6356,-792,457,7522,9502,67.8,
-13008,-6328,2372,-6642,11651,7288,62.9,
-16916,-3368,1636,4504,12315,1837,65.9,
-18316,-240,3000,-7052,-1729,-3163,65.5,
-13136,-4780,3384,-9390,-7758,-5408,76.7,
-16100,-7012,3560,11944,-7163,-9926,75.1,
-21708,-4416,252,11294,-14986,-12531,62.9,
-16500,-4248,344,-10423,-17887,-13233,76.7,
-13476,-6788,2028,-1336,-8256,-11679,69.6,
-13536,-5120,3556,16043,-5716,-5363,63.5,
-15856,108,2572,-459,752,7152,61.4,
-10312,-4924,2784,-9048,9864,11778,65.0,
-16804,-7700,3232,-24045,13122,24007,63.1,
-14524,-7868,8756,12137,18558,13565,74.0,
-15448,-804,10552,1117,5492,3925,67.9,
-24744,-7180,7300,-6838,-10463,-5841,60.2,
-17700,-6760,3804,-4382,-14895,-18388,64.7,
-21364,-7112,1376,3667,-16030,-19515,67.6,
-13884,-6376,284,-5215,-11798,-20384,75.2,
-8740,-5920,2196,3021,-1934,-15173,66.1,
-9136,-5268,3992,14067,6904,-9,64.1,
-14716,-1184,2548,6075,15851,12929,59.4,
-19328,-7520,6064,-17218,17999,27641,64.8,
-16868,-1568,848,-350,10725,10284,62.3,
-14308,-4620,2416,-27047,2880,4362,58.3,
-13356,-5672,7012,4006,7456,3774,66.7,
-13400,-1060,4896,22882,5157,-4566,67.0,
-16408,-1724,2576,5688,-7110,-3224,64.7,
-23532,-8000,4696,3978,-17688,-6901,68.4,
-28724,-5144,-724,106,-25970,-18827,70.6,
-14916,-6412,84,-25283,-21342,-26816,66.4,
-8188,-6960,1284,3081,-4871,-17980,62.9,
-5376,2796,-1616,-64,3068,1110,60.5,
-21520,-8296,7472,11594,23502,22308,60.2,
-18500,-1148,1784,-9844,12967,6523,70.8,
-13868,-8792,8080,-21048,5589,2806,67.2,
-12416,-3524,8916,4924,4751,2296,65.6,
-15204,-4072,8008,4399,-3451,-3777,67.2,
-32768,-9664,6896,6758,-12354,-5887,67.2,
-27152,-6356,1184,1326,-19232,-17040,63.1,
-15912,-5228,1532,-12171,-19272,-19311,70.9,
-13012,-6688,-768,-2081,-9795,-17997,66.5,
-10312,-4956,804,-2296,-1879,-8472,63.8,
-19184,-7668,6984,-2146,18216,20073,65.4,
-15180,-5800,8400,3909,11769,11319,65.8,
-13312,-5404,8244,-11036,-1950,271,63.1,
-26588,-11464,6168,-4454,-8472,-9216,67.1,
-22420,-7964,3016,5411,-11595,-23008,69.1,
-19320,-5356,1988,4109,-13592,-23311,60.8,
-13688,-5816,1276,2474,-10530,-17976,65.1,
-9856,-2932,1016,545,-7328,-8319,67.6,
-7264,-4884,2052,858,5940,5495,61.4,
-11212,-10664,4656,4819,21335,24766,62.7,
-15008,-5440,6304,-7516,-5140,918,66.4,
-12336,-6160,3492,-8725,-12948,-6037,65.5,
-23220,-7276,3024,-8615,-15097,-14873,69.2,
-14232,-8152,2156,4138,-6818,-13778,60.9,
-11632,-8080,448,21313,3196,-7615,59.7,
-12456,-2724,-1456,11654,2709,-3697,66.6,
-20344,-5656,8468,-9872,2022,5951,68.5,
-19656,-6824,15644,9068,16418,14084,65.2,
-14604,-3132,14268,13453,12414,14097,63.1,
-12952,-5704,11220,13404,1057,7194,66.4,
-18092,-5368,1540,23629,-4535,-9698,61.9,
-16760,-6924,-1580,8022,-11766,-9292,74.4,
-16956,-8552,-8236,19064,-2211,-7137,58.7,
-15732,-10272,-4420,21939,8705,-10254,70.5,
-19432,-8104,-1808,17829,8093,-18327,62.9,
-17800,-7104,404,10299,3145,-19150,69.2,
-17024,-7356,1556,18606,1222,-16178,66.4,
-12868,-2220,236,-1696,-4331,-5896,65.5,
-20504,-6568,-56,-10687,-4783,9413,66.9,
-13844,-8180,4976,-6092,1688,12843,57.2,
-14504,-6044,1092,-1152,4642,16258,68.3,
-14460,-6932,6964,13070,9021,10313,67.1,
-14568,-4052,5396,4153,2103,-1589,58.0,
-13132,-6252,5288,5090,-2312,-5684,61.6,
-18268,-6556,2024,5303,-4075,-8133,62.4,
-14036,-6240,1812,2522,-8486,-11634,68.1,
-19104,-6624,900,2774,-7444,-13879,67.6,
-12496,-6060,1264,4418,-3229,-9997,61.5,
-11620,-4744,392,6118,-392,-2694,66.4,
-14200,-5456,1684,-837,860,6507,67.6,
-15300,-4428,5236,-7947,5592,5333,68.6,
-12632,-5148,7320,1232,4395,2594,63.8,
-13932,-3720,6480,6038,140,-1418,69.1,
-25468,-8072,6520,2324,-5416,-4237,64.0,
-16360,-6364,2512,5478,-9913,-12228,65.1,
-16840,-4632,1292,1560,-12899,-13784,59.5,
-13204,-6796,1692,1845,-7185,-13161,71.3,
-11520,-3692,352,1109,-4727,-7651,67.4,
-11816,-5176,2336,-3927,-592,2412,68.6,
-11240,-5976,4384,-12772,3326,19270,65.1,
-14108,-4636,7208,4715,2068,1806,68.0,
-26808,-9348,5996,2669,-4227,-3622,62.6,
-20268,-7988,2908,8854,-8869,-13596,66.9,
-16716,-4236,1308,2893,-13450,-13982,65.5,
-13716,-6940,792,828,-9545,-14448,70.1,
-12404,-4680,668,817,-4655,-9067,65.2,
-12480,-4528,1600,1171,-187,-775,67.9,
-15892,-6416,5116,-12241,3560,20030,60.5,
-16968,-7304,6000,6424,13096,17678,65.7,
-14724,-2640,3992,2932,11822,9780,68.7,
-25512,-7144,2132,13343,-10759,-12452,79.3,
-16892,-3028,1596,-4056,-16577,-17938,69.4,
-13172,-6408,820,-4743,-11981,-17276,72.0,
-9540,-4888,1244,-3731,-4175,-5442,65.7,
-13288,-5692,2200,4924,5008,10086,60.0,
-11988,-5796,4680,-8196,9686,26752,59.5,
-22584,-8364,3772,9699,15436,21682,61.0,
-14916,-2280,5032,-5062,10841,7307,65.9,
-14624,-5708,5552,-13730,2387,1708,65.4,
-12012,-6852,8692,-307,2163,-1304,66.7,
-21292,-6420,6284,6393,-3859,-4284,70.7,
-19372,-6684,2820,8775,-11379,-12551,73.1,
-17996,-3532,612,-3394,-18998,-15236,69.5,
-13360,-6032,-388,-12762,-12628,-18913,68.7,
-10336,-5880,2140,3223,-2188,-8759,66.6,
-11988,-4412,2700,10086,4708,2707,70.3,
-12468,-9144,4896,-5248,5428,21946,67.7,
-16348,-7780,3016,-12727,9220,17013,68.5,
-11932,-9720,5912,-6967,11108,12425,69.3,
-14468,-5768,6820,6594,10192,7200,62.1,
-13192,-5764,5344,-13123,-6476,-7146,69.1,
-13696,-8284,3252,-14883,-10189,-4810,66.1,
-19164,-9104,-28,-7558,-8020,-12583,70.4,
-16052,-6964,1136,-550,-5883,-15895,78.3,
-13752,-5292,268,-1898,-5802,-13764,73.3,
-12088,-5312,332,-4433,-6177,67,72.2,
-13484,-5568,-976,-10614,-9704,16673,66.1,
-23396,-9440,-2188,-18303,-17527,32767,74.6,
-18984,-10768,-15272,-32768,-32768,31584,62.4,
-12756,-19236,2780,-11647,-12619,5228,73.7,
-17676,-4112,2612,-8997,11329,2776,74.5,
-13172,-484,3652,-5923,10038,209,67.2,
-17308,-1500,5000,-1793,4865,896,67.6,
-16140,-208,3988,-6012,-2796,-2781,69.2,
-16488,-720,2692,-7442,-8390,-1787,63.4,
-17552,-6080,3784,5166,-10436,-4273,73.1,
-21748,-5260,1336,2439,-17344,-11059,62.4,
-21016,-6172,804,-11053,-19969,-16631,60.0,
-15360,-7824,960,-5616,-9811,-19515,65.6,
-10988,-4980,1076,3673,-429,-12387,70.2,
-10692,-5468,5128,14167,8729,1399,62.6,
-16748,-2152,3508,-6044,10707,19162,64.4,
-17976,-7192,4376,-19004,8606,25545,61.5,
-15456,-7448,4084,-5081,7744,18318,67.5,
-15032,-6720,6736,758,6967,6107,65.2,
-12720,-5468,6104,17,2226,1328,71.0,
-14744,-5460,3352,1599,-4891,-4707,58.6,
-20572,-4488,-616,1914,-6305,-18384,68.5,
-16252,-4560,-2100,-12831,-9084,-18940,68.4,1.0
-17552,-4660,-1792,-11273,-5725,-18221,66.5,1.0
-4692,-10724,3924,-5572,-3175,10544,70.3,1.0
-3096,-8968,2620,-5652,-3930,7510,71.4,1.0
-5616,-11816,1772,-10846,-5695,1405,57.9,1.0
-22116,-15168,5716,19562,139,2013,71.0,1.0
-24476,-19600,5492,32767,15587,-2030,76.6,1.0
-21168,-6076,12916,6368,-1763,-2694,70.3,1.0
-31416,-32768,3084,32767,-7202,20364,73.6,1.0
-28972,-24224,2752,-14976,-32768,32767,73.1,1.0
-7284,-17664,-8480,-9759,-32768,32767,67.1,1.0
16196,-8764,-3192,13448,-1882,28575,66.4,1.0
8992,-17100,7976,-6520,-7711,19340,79.8,1.0
9388,-1660,3100,-6424,-114,8525,61.6,1.0
6248,-4324,9584,-7085,11647,17355,66.9,1.0
3764,-8188,14460,-2355,18016,18932,58.6,1.0
-3000,-12932,18800,-44,20075,10484,83.0,1.0
-12800,-7912,21864,-11301,15030,2222,75.1,1.0
-1972,-5496,9344,-8694,-1699,4795,63.1,1.0
-8436,-10096,14196,-6352,2485,4160,64.3,1.0
-6828,-6168,11760,704,3209,1618,65.9,1.0
-7992,-6852,11556,-467,1193,754,63.8,1.0
-7812,-6000,11216,-2387,-357,1401,79.4,1.0
-8392,-7956,11020,370,491,-186,79.6,1.0
-7816,-7676,11036,50,651,-388,79.7,1.0
-8172,-7588,11164,-464,320,-238,79.9,1.0
-8196,-7320,11552,-1531,86,421,70.2,1.0
-8128,-7092,10784,-958,94,292,76.2,1.0
-8076,-7768,10996,-1228,371,358,78.8,1.0
-8312,-7904,10760,-1456,380,427,66.2,1.0
-8444,-7372,10636,-1508,234,481,70.1,1.0
-8704,-7292,10360,-1221,-157,123,81.8,1.0
-8464,-8844,10244,-2686,-585,-68,83.2,1.0
-8172,-8700,10284,-1272,-284,138,75.5,1.0
-8556,-8160,9860,-745,-362,-158,75.7,1.0
-8420,-8792,9732,-1466,-990,-211,82.0,1.0
-8068,-8976,10056,-937,-315,-169,65.3,1.0
-8056,-8908,9956,-1207,85,-371,70.5,1.0
-8228,-9072,9756,-586,-286,-88,69.9,1.0
-8020,-8936,10016,-536,174,-391,73.2,1.0
-8340,-9124,9732,-1433,401,307,76.0,1.0
-8200,-8992,9048,-4590,-714,929,77.6,1.0
-8188,-10396,8992,-1511,-343,204,62.2,
-8264,-9948,8900,-666,-254,124,62.4,
-8232,-9868,8868,-575,-9,203,68.0,
-8332,-10124,8984,-628,103,182,74.9,
-8336,-10172,8756,-662,350,92,61.6,
-8500,-10100,8616,-340,5,108,65.1,
-8264,-9988,8600,-529,-495,97,71.7,
-8328,-9864,8696,-421,-319,26,66.3,
-8268,-9928,8760,-517,-362,-19,69.6,
-8408,-9944,8916,-466,-296,0,65.3,
-8340,-10100,8700,-632,-316,18,75.4,
-8164,-10220,8724,-623,-584,189,61.9,
-8028,-10296,8808,-484,-386,-7,66.9,
-8112,-10176,8820,-546,-356,80,58.4,
-7960,-10200,8912,-592,-470,84,67.1,
-8100,-10352,8988,-493,-261,110,69.6,
-7912,-10312,9012,-452,14,113,69.9,
-8236,-10080,8660,-483,-21,88,65.7,
-7960,-10060,8824,-374,-353,152,63.6,
-8036,-10536,8616,-638,-645,499,73.0,
-8028,-10096,9056,-453,-658,53,77.0,
-7832,-10072,9072,-563,31,2,65.8,
-8088,-10144,8776,-523,1,29,70.1,
-8036,-10176,8672,-539,-285,146,64.9,
-8044,-10096,8856,-500,-89,75,57.4,
-8028,-10208,8832,-485,-195,67,68.7,
-8008,-10124,8968,-446,-190,32,69.3,
-7988,-10252,8880,-397,-206,82,65.4,
-7896,-10240,8992,-386,-138,7,64.3,
-7972,-10304,8832,-410,-162,26,71.5,
-11332,-5040,7056,3370,2683,3970,72.1,
-9236,-7628,9560,782,1264,5258,66.3,
-7360,-5976,11716,2537,-803,2068,70.8,
-5224,-8340,12804,3332,-3017,-1205,72.4,
-12024,-6300,7412,4718,-1355,-877,77.0,
-6428,-4624,9532,3578,6174,2895,67.5,
-11448,-4940,19848,-1394,2406,5017,73.0,
-9996,-4216,9872,10490,9212,2224,58.0,
-12148,-3628,13276,23221,14170,-1568,75.8,
-12800,-1628,3156,22711,18047,-4684,64.3,
-18988,-3336,-1856,-3639,8129,2418,63.4,
-13896,308,-3156,-6946,4015,-770,68.0,
-10504,-1816,-2044,-3781,-1588,-5106,69.5,
-9768,-348,-4040,-9600,-8134,-6369,68.4,
-13888,-568,-4616,-14857,-9631,-4605,73.3,
-15704,-772,-4008,-15826,-7502,-3206,68.2,
-16316,-2796,-2116,-20641,-8372,-3467,67.3,
-17128,-6528,-1676,-24942,-8789,7332,67.6,
-10720,-8460,1344,-17365,-3077,10151,75.9,
-12628,-6424,-1432,-32768,-1916,10907,78.8,
-17880,-9508,7924,-14899,-4242,-1880,68.0,
-23592,-6180,-656,-2388,-11398,-8754,66.8,
-11400,-6752,2564,-19916,-9017,-19713,72.7,
-15632,-8976,1484,7539,-2987,-18297,68.6,
-13804,-3972,2924,3282,-5786,-6495,65.4,
-11368,-6864,4116,630,-938,2965,64.4,
-13532,-7224,3740,10667,5299,12254,73.3,
-23588,-4704,-476,-12797,3364,20964,66.5,
-15540,-10564,4948,-21156,2197,19024,74.3,
-13972,-6396,3160,6381,8260,11315,67.9,
-28716,-8856,7108,4051,-8173,-6531,64.4,
-26328,-6376,2112,9057,-14522,-17872,64.6,
-15212,-2712,1128,-8982,-19060,-21449,63.9,
-11360,-7352,1460,-2855,-8148,-18231,62.8,
-9712,-3368,568,3001,-2538,-5560,68.2,
-14924,-3928,1576,-7316,3240,13983,77.4,
-15308,-12920,10832,-691,7814,30613,60.4,
-18032,-4980,4480,1903,10143,28371,67.1,
-13860,-9276,6088,-642,6219,10356,70.1,
-11944,-7384,7496,858,2966,2585,62.7,
-18980,-9188,5440,2488,181,-8090,64.9,
-17732,-7480,3544,4631,-6705,-20168,61.7,
-20628,-5200,3132,3735,-10632,-21558,65.1,
-15924,-6232,3208,6402,-8021,-19511,58.5,
-11372,-2276,1112,1158,-8367,-9360,70.3,
-10640,-4636,1928,-6271,-3142,3914,66.8,
-10696,-7044,3524,-13811,690,25570,78.3,
-21460,-9360,3060,-347,8245,27326,63.0,
-17432,-6636,4580,-3461,10684,18160,69.1,
-13172,-7948,6436,797,7570,6920,66.2,
-16480,-5424,2576,-3369,-9542,-25589,65.9,
-12636,-6008,-400,6431,-6705,-14959,62.5,
-9456,-4328,-936,-2544,-1969,4770,65.1,
-10628,-6488,396,24053,5232,18400,79.3,
-32740,-2932,-5888,-32768,-3364,32767,65.3,
-20444,-15908,-260,-32768,-18042,25647,69.8,
-18956,-8444,-664,-615,-11488,10520,55.6,
-11312,-10020,-904,-19951,-10503,10331,74.5,
-11620,-6276,-296,-10910,-2292,6118,66.4,
-12576,-7200,-1140,-28732,1445,8662,74.9,
-18128,-7984,6896,-7631,15047,11236,67.1,
-17928,-6224,9228,-8370,7160,6392,77.1,
-15392,-6876,7600,2776,7,-4946,66.8,
-15244,-7240,5336,8654,-5501,-2314,68.1,
-20088,-5676,1764,9081,-13061,-7628,63.1,
-18268,-4944,308,-9385,-18467,-14939,67.0,
-14016,-7052,2124,-9680,-11737,-16080,70.3,
-12552,-6716,2592,9889,911,-9948,64.4,
-13872,-1460,24,-2632,6047,6366,77.6,
-12168,-7196,4328,4095,12248,16138,60.6,
-14892,-1844,8388,6640,7525,2152,58.2,
-13028,-5260,7900,-3332,-2120,-751,59.9,
-18580,-7192,6204,2519,-8567,-5074,67.4,
-18624,-20048,4848,27975,-5519,-18726,65.6,
-17772,-4468,320,8383,-13743,-17400,64.4,
-10952,-8980,2968,825,-13878,-12896,64.5,
-9188,-5408,1776,-5898,-10504,-5431,72.6,
-8976,-6252,4292,-2995,-2109,2430,81.2,
-11120,-5624,2872,-6606,4561,17762,59.1,
-17464,-7100,3632,-9462,10145,23076,67.1,
-17568,-7448,5952,-11232,11062,18002,58.4,
-15436,-7264,7120,5641,11162,8301,67.2,
-13808,-5380,8400,380,4309,3407,69.8,
-23472,-8088,5988,1821,-3875,-4512,67.0,
-16324,-6972,3088,3214,-9728,-15207,63.1,
-19304,-7208,2380,8411,-12883,-13476,65.7,
-15832,-5440,-304,5245,-12520,-14288,69.3,
-12268,-4364,76,-2876,-9451,-13005,61.0,
-13324,-7080,3776,905,-1601,-1347,66.0,
-13792,-2080,1312,-8464,1550,8576,59.6,
-16796,-9468,7064,-257,16333,20494,69.8,
-15608,-5336,6380,30772,18545,-288,58.3,
-15148,912,8460,-1896,-2890,-2383,64.7,
-27684,-7928,6972,-4971,-15732,-2986,66.4,
-27108,-7504,1152,-7540,-22799,-13479,63.4,
-15296,-5968,1456,-17546,-18101,-21783,65.5,
-11504,-7040,-424,4289,-4411,-20191,68.5,
-11992,-5236,1412,12196,2783,-4307,63.9,
-19704,-172,-2476,-4584,4910,12869,63.4,
-16908,-8592,4516,-15766,6703,28306,72.0,
-15596,-3508,8992,5194,11594,8030,78.1,
-14480,-5696,7964,-7140,-3498,-4309,57.2,
-15744,-6056,5524,-1763,-13990,-13547,61.7,
-27948,-7744,2028,1460,-16359,-20473,68.7,
-15628,-5508,1980,-4333,-12605,-20715,65.6,
-12816,-5556,564,8555,-5172,-15073,70.0,
-10912,-4024,1320,3784,-2049,-3680,65.5,
-20548,-3740,-1556,-8964,2243,12378,70.2,
-12652,-11108,7584,-7236,10314,24786,59.7,
-17184,-5160,1096,15687,16522,16432,68.8,
-30112,-7248,3920,-9896,-11160,-2742,68.8,
-16968,-2984,-1564,-19044,-17410,-15257,63.9,
-15352,-6668,-736,-10247,-12272,-19779,75.1,
-11692,-6520,964,4557,-6147,-14200,72.6,
-11428,-3396,-248,-7115,-10282,2523,61.6,
-16256,-11576,-1456,-32768,-24255,22185,67.9,
-24144,-8868,-7812,-32768,-32768,31865,63.9,
-9244,-18708,-4708,-32768,-23303,8190,69.2,
-12264,-8780,-1684,10199,-9582,8173,66.0,
-13384,-6788,656,-3741,-3218,11305,76.5,
-12136,-6924,2936,14800,6262,8984,63.7,
-14976,-3344,2948,-3882,4663,5435,64.6,
-12172,-5604,8488,-9624,4804,4215,58.7,
-13804,-2188,7656,-4566,4663,3499,72.7,
-15184,-4580,7768,-3861,2074,1288,78.1,
-11788,-2648,3180,996,-1636,-7230,65.6,
-17276,-8572,4288,9647,-2638,-5304,68.2,
-20592,-6580,3860,13080,-6811,-7215,64.6,
-18836,-4220,2244,-1736,-15464,-11864,68.2,
-12564,-5636,2656,-13959,-14151,-10389,63.4,
-9756,-6948,3620,1420,316,594,65.0,
-12944,-4672,2404,6950,8815,7279,68.5,
-17116,-5384,2788,-12400,8782,20142,72.6,
-15440,-5728,3224,190,10932,14068,70.3,
-15624,-4876,2932,-13395,6312,9035,68.6,
-14040,-3348,3784,-8342,5814,3508,67.8,
-14600,-4356,8368,-3756,4724,4855,65.6,
-15892,-888,5320,7379,-232,-1995,63.6,
-18524,-4372,2968,-4911,-11279,-4329,64.9,
-17192,-9280,4112,6583,-7970,-13119,66.6,
-18580,-4772,220,6187,-12015,-11333,70.8,
-14164,-3648,248,-10243,-11804,-14905,63.1,
-13668,-7832,2920,-3980,-4867,-10895,67.3,
-14972,-4328,2572,7022,3077,-100,78.3,
-9716,-5744,4908,-6606,7495,17357,60.9,
-19620,-4812,2672,-2896,10651,23496,63.7,
-16792,-7976,7064,-2896,12294,17925,62.6,
-15744,-2976,4960,2067,9035,5999,62.1,
-12520,-5840,7924,-6433,1233,81,67.4,
-15792,-6500,5744,2189,-2525,-4797,70.3,
-18508,-8108,2896,13149,-9362,-14491,63.6,
-20636,-3672,-44,-170,-18659,-16874,63.2,
-13132,-7324,864,-9218,-11279,-19138,77.2,
-10632,-4528,344,1981,-3182,-10362,69.5,
-11244,-6468,2816,7991,4497,2983,71.2,
-18816,-3780,564,-7403,6822,20056,68.8,
-18628,-9184,5576,-2448,12576,23820,67.7,
-17104,-5328,4264,2152,14119,16388,67.9,
-14796,-7668,6936,287,9638,5569,68.9,
-12488,-3792,9764,9340,3000,-664,68.8,
-23456,-6948,5896,-5292,-9909,-7838,64.0,
-20840,-7336,2660,1512,-16591,-18405,64.6,
-17744,-5988,992,-1384,-16112,-12555,65.6,
-12040,-6684,1036,3408,-7567,-12020,62.9,
-11120,-3796,232,-122,-3000,-6135,68.6,
-10988,-4748,2824,3246,3478,3163,68.1,
-13828,-7288,6108,-11632,8444,23126,67.3,
-16960,-6196,5816,-5960,9626,16577,69.0,
-14308,-12128,10968,-3833,12050,12518,81.4,
-14256,-4180,6284,30868,14834,1885,68.8,
-14132,-2332,5764,2221,-4390,-1232,64.5,
-19976,-5028,1488,-8808,-15824,-330,61.8,
-21040,-4552,-2228,-771,-12751,-12593,67.6,
-12824,-6156,3396,-1019,-2427,-10597,64.2,
-10544,-1428,-2460,19291,1498,-4083,66.2,
-14664,-3792,2720,-4149,1898,4243,69.7,
-15728,-1856,1700,-4160,3388,8270,65.2,
-14328,-4252,140,-27884,-1963,12043,80.0,
-13992,-7352,2508,-12860,2218,6131,68.3,
-15152,-6264,3348,-6933,6222,6856,65.2,
-13768,-5044,5940,-605,5860,5154,68.0,
-14296,-5956,7112,-5055,1272,2399,73.6,
-23616,-9512,6336,4185,-5009,-2964,62.3,
-21548,-7604,2372,19811,-8185,-17185,67.4,
-17240,-4652,672,8584,-13658,-16925,70.1,
-14260,-5656,-680,-6272,-13732,-11250,69.9,
-12112,-6440,1252,-6306,-4708,-8062,64.3,
-13168,-9036,4364,8456,2057,-4079,66.7,
-6604,-5740,6424,-12481,3744,10485,67.6,
-12948,-15536,10868,9907,9521,14990,59.6,
-7708,-12204,10836,5440,3085,6,77.4,
-12232,-12484,5624,14147,9454,-4035,67.0,
-15212,-10856,1916,32767,6414,-7300,65.2,
-13832,-4352,-5912,21368,-3199,-10711,65.3,
-11760,-9528,-5028,-2683,1253,-7978,66.5,
-13756,-10696,-768,16738,16015,-8201,62.1,
-15632,-10048,824,23509,17421,-12974,66.9,
-16688,-9012,1096,24248,10594,-16411,69.6,
-14464,-5528,1740,8888,1802,-7724,68.1,
-9664,-7404,2284,-5793,-1791,-3824,65.2,
-20416,-7028,-276,2500,97,3779,62.7,
-13200,-7768,3508,-1474,2197,8331,68.4,
-16328,-5448,1916,5864,4611,12167,67.9,
-14096,-8436,5380,1575,4028,8541,60.3,
-11800,-9016,7468,8815,3390,944,68.1,
-15412,-5912,2628,-278,-3074,-4751,62.2,
-13632,-11336,1456,-9346,-4958,-10151,60.1,
-18408,-10952,1056,6156,661,-18097,67.9,
-12820,-8080,1188,8917,912,-13340,78.1,
-10844,-6000,540,12192,1950,-5590,68.6,
-12712,-6728,1736,-24254,880,21905,70.8,
-16688,-9140,2280,8898,8504,9133,63.4,
-15040,-4528,3416,-4405,9183,4672,66.5,
-13136,-6512,6172,2911,8975,3570,66.2,
-14200,-4216,7952,9329,5326,191,68.0,
-18152,-4052,5356,3793,-2826,-3045,64.2,
-11968,-5244,2688,1632,-14778,-6215,70.7,
-22116,-7104,1128,-548,-18095,-7900,79.4,
-14424,-6536,1484,-4334,-12510,-13541,65.4,
-12836,-4552,-280,1854,-7041,-13023,79.3,
-9212,-7016,5260,-6491,6240,18564,70.5,
-18180,-7252,4772,-5610,12455,23260,66.9,
-17040,-8084,5440,214,11985,16116,68.1,
-14572,-5212,6428,2583,8361,4906,64.4,
-13512,-6256,6916,1587,1557,-1884,77.0,
-22208,-6188,6628,7817,-8064,-6059,74.7,
-23304,-8008,3456,11680,-12340,-13162,67.0,
-17800,-3180,1024,-4773,-19190,-13532,63.6,
-14116,-7460,136,-8453,-13724,-16237,61.9,
-11616,-4912,904,453,-5391,-10833,66.6,
-11536,-4072,4280,-6590,2288,-701,66.2,
-11032,-6468,6124,205,-2048,-6536,67.3,
-17164,-5728,4640,17703,-4884,-10259,58.4,
-24516,-2672,120,4327,-17840,-12678,61.7,
-20228,-7024,3288,-9492,-17658,-15314,66.3,
-16620,-6096,1064,3644,-12198,-13030,66.1,
-4620,-2824,180,-18639,-11284,-6804,76.7,
-2984,-376,-2936,-16866,-8581,3210,66.2,1.0
-8340,-22596,3940,-1875,-1110,32767,57.9,1.0
-12364,-32768,19672,-22991,-14844,9227,59.6,1.0
-7664,-4456,3244,8546,8343,4374,71.0,1.0
-9640,-13536,4176,92,180,4862,77.5,1.0
-15784,-2060,-28,5325,2553,3237,60.4,1.0
-14392,-9360,1480,5731,1479,-2106,56.7,1.0
-14892,-8220,1772,9858,711,-6998,60.0,1.0
-14416,-4396,2840,25915,2282,-6110,67.2,1.0
-14432,-4560,1968,-23367,-4730,4364,66.1,1.0
-11816,-10296,5132,2559,4267,5068,64.4,1.0
-11236,-16896,5572,-11202,262,2891,64.4,1.0
-11836,-11356,4968,-3763,-1285,-1127,64.4,1.0
-12720,-8612,4608,4461,400,789,66.0,1.0
-13656,-7904,4504,-957,-2397,845,67.7,1.0
-13048,-7352,2932,6144,-577,-1094,67.7,1.0
-13788,-6808,2568,3868,119,-1173,67.7,1.0
-13080,-5660,2708,733,977,-51,69.9,1.0
-14072,-7260,4440,-5063,225,1535,60.5,1.0
-12640,-8492,4356,-2430,76,1157,64.5,1.0
-13296,-7448,3552,668,111,-286,65.5,1.0
-13824,-6624,3644,624,440,26,66.4,1.0
-13316,-6436,3412,-3145,-548,828,87.6,1.0
-13428,-7040,3300,-88,277,-240,79.9,1.0
-13592,-7556,3772,949,839,-974,75.0,1.0
-13896,-8072,2096,2636,89,-557,72.3,1.0
-13292,-6720,2576,-1781,-682,53,75.3,1.0
-13860,-6816,3840,-2355,-209,797,69.6,1.0
-13144,-7460,4000,-1694,-536,602,80.5,1.0
-13416,-7436,3280,277,69,75,71.8,1.0
-13480,-7164,3396,232,22,223,74.0,1.0
-13692,-7272,3572,-115,-199,211,78.1,1.0
-13760,-6820,3348,-210,74,28,71.1,1.0
-13684,-6900,3944,781,223,-29,71.5,1.0
-13892,-7144,3036,45,-10,-231,56.0,1.0
-13732,-6676,3384,-418,-200,-6,82.2,1.0
-13720,-6744,3952,-103,-30,-224,63.1,1.0
-13372,-7452,3352,-268,-20,-68,79.8,1.0
-13732,-6980,3188,-367,-156,-11,79.6,1.0
-13592,-7244,3728,-430,324,90,79.9,1.0
-14152,-7352,2284,-65,306,21,80.2,1.0
-13784,-5856,3536,-436,81,-579,80.5,1.0
-13476,-7824,3672,-1508,-709,186,70.2,
-13400,-7236,3428,-708,-183,-11,61.3,
-13532,-7176,3052,117,171,-294,68.0,
-13488,-7204,3060,-487,10,-14,60.7,
-13636,-7328,3308,-496,-223,119,67.0,
-13496,-7104,3544,-1093,-522,370,76.0,
-13572,-7208,2808,-103,-91,-81,79.6,
-13556,-7448,3232,-540,-147,105,72.0,
-13540,-7132,3224,-328,-389,24,64.5,
-13644,-7080,3064,-1025,-352,-74,65.2,
-13344,-7696,3688,-680,-170,39,74.0,
-13748,-7652,3540,-448,-30,100,68.3,
-13024,-7940,4352,-23439,-6574,-3016,81.6,
-10200,-20436,2136,-4701,-3563,-17327,65.3,
-11680,-3868,688,24352,2629,-16398,61.9,
-6420,-16304,124,14031,4545,-13630,67.3,
-4424,-8460,-924,27682,20284,-11973,67.4,
-22296,-20428,5948,32767,30816,-14041,64.6,
-22236,-19940,16260,8663,10683,-10346,67.8,
-12772,-21176,5256,-19149,5269,4117,62.3,
-19208,-8756,4784,-5433,8516,13256,65.2,
-22480,-4292,-3984,-10937,3541,10321,68.6,
-16048,-480,-736,-9354,-7749,-1041,70.8,
-16472,140,960,2522,-15539,-10666,72.6,
-9040,-10576,-1008,13168,-9788,-9896,63.3,
-708,1004,4596,1360,2057,-4093,65.2,
-12412,-2064,9124,6649,5845,-7726,66.7,
-7776,-1140,7796,-6170,5593,-11906,66.7,
-18040,-13832,2112,-8921,-621,-3894,65.6,
-12652,-12360,3172,-11596,-7966,-910,69.0,
-9788,-15528,-3140,-6060,-12735,1735,73.9,
-7616,-17512,2024,15403,6859,293,58.6,
-4888,-15056,4856,25302,9192,277,64.5,
-9816,-12520,6568,17886,-1681,-3456,67.7,
-10268,-12280,5548,-10786,-18940,1664,68.6,
-9952,-10060,5116,-14134,-14404,-1389,77.5,
-8784,-10548,2724,-13742,-6290,1144,64.1,
-13736,-10956,3104,4319,2068,15601,64.0,
-13164,-5728,2280,25770,11430,14829,65.3,
-18316,-2008,-308,-11521,8536,14357,68.6,
-14236,-9792,5344,-12393,8319,14402,65.2,
-24060,-7576,7100,4370,-4039,-6922,64.5,
-19412,-6276,3376,7863,-13539,-16010,68.6,
-21172,-4476,1508,5556,-19030,-18661,61.5,
-13240,-8468,2004,-1851,-8818,-15635,70.5,
-10712,-4988,-764,8146,-2439,-7681,65.6,
-11028,-3328,1264,-4169,1131,3073,64.9,
-20548,-4004,-1620,-26095,2030,24613,67.3,
-15748,-14836,13672,11649,13694,29066,64.5,
-20468,20,6612,4839,10873,14428,66.5,
-13284,-9108,7868,-3371,820,5168,62.7,
-21184,-2880,2196,14289,-8727,-11607,61.9,
-17844,-3908,-3104,-3497,-16861,-15250,68.8,
-17856,-8532,-1620,-23732,-4029,-7769,68.2,
-13288,-10292,-2740,32767,11641,2124,68.4,
-11092,-11144,-8560,20228,10845,-2283,63.8,
-19928,-11520,-7772,15609,16566,-23337,67.5,
-22096,-12608,-3460,17807,18876,-28258,81.3,
-15844,-7960,-1352,14832,13403,-23112,65.9,
-9104,-5880,56,12041,9204,-8470,69.1,
-7216,-7332,5432,26803,11480,7598,67.2,
-14744,-6256,6048,-304,4653,9355,70.1,
-12116,-6568,6624,4860,964,743,78.4,
-16244,-7296,3812,4611,-2419,-7673,64.4,
-16868,-6836,3460,9775,-8383,-16896,70.8,
-25440,-7244,-4,5933,-12936,-21069,63.4,
-12684,-5648,752,-5833,-9561,-19409,53.5,
-11980,-6668,248,7835,-524,-12203,63.4,
-12564,-3904,2672,14454,3991,462,78.9,
-15216,-6192,5916,-4953,7005,17228,75.3,
-15540,-5280,2924,-9146,9714,21192,68.2,
-14440,-5452,7140,-9675,7343,5815,57.6,
-12764,-3848,8460,10659,6320,3538,69.7,
-14988,-4452,5656,4438,-3816,-2400,66.1,
-21772,-7792,5356,7641,-13107,-6132,64.2,
-26848,-7836,1816,8602,-14893,-15403,67.6,
-17692,-5232,852,-5697,-17838,-16250,66.2,
-13112,-7620,-280,-3835,-9614,-17120,59.4,
-10660,-4864,2192,11630,-1013,-11804,65.3,
-10108,-3704,3488,13704,6902,1452,64.1,
-18840,-3860,1776,-12672,15331,21196,66.7,
-18056,-8776,4872,21354,22728,17704,68.3,
-17848,-100,492,-10718,12075,4789,66.7,
-14712,-7984,4836,-24226,7908,231,64.4,
-14040,-4420,7504,11198,11990,614,71.9,
-14196,992,5760,8443,3266,-1616,71.5,
-19488,-5432,6860,1747,-6556,351,69.0,
-15956,-5960,1336,-4002,-20414,-2417,67.8,
-23616,-6800,340,-10387,-26800,-15055,79.1,
-15512,-7644,920,-12133,-16984,-25098,62.2,
-11672,-5512,-280,2327,-5603,-16683,65.3,
-10020,-1768,712,9338,4801,2225,66.3,
-14856,-7984,6740,-16657,12982,32767,53.5,
-23196,-8400,3336,19379,23001,27315,71.8,
-19564,712,4268,-11272,15178,10400,62.9,
-12508,-11268,11856,-5758,7686,5231,64.4,
-13384,-2440,9168,3838,2011,764,63.0,
-23656,-8948,6804,3018,-5167,-7959,60.5,
-20692,-6192,2452,1975,-17264,-17762,70.3,
-19076,-5228,1164,-3004,-18954,-21104,69.2,
-13044,-6116,408,1215,-9881,-20339,69.9,
-10344,-3752,1308,-4861,-3592,-1931,59.5,
-19516,-8844,3232,-10312,4737,25909,67.8,
-18412,-8988,5444,14787,21178,28292,72.4,
-19012,-4700,3924,2542,19161,19296,68.3,
-13844,-8068,7808,-6032,10409,6787,69.3,
-12696,-4388,9520,1352,3143,287,61.9,
-18632,-7212,5040,-7170,-4696,-5709,69.1,
-17116,-7844,2580,-400,-11819,-18496,75.6,
-21020,-7016,1728,2917,-12920,-20738,64.6,
-16004,-6096,1504,6021,-9704,-18784,69.3,
-8456,1656,-848,-8128,-1180,14363,55.8,
-18984,-14000,2440,-11373,-1235,32767,64.3,
-17292,-8468,2916,21881,15584,17327,69.2,
-19936,348,1060,-14627,10337,6645,66.4,
-12064,-10396,10212,1606,9238,9626,62.5,
-14156,1064,5816,10063,3382,-1530,62.9,
-25540,-9656,6192,-1066,-6850,-7367,65.6,
-18500,-5944,2648,-132,-15113,-16165,69.6,
-20896,-5488,824,-2404,-17644,-22391,63.1,
-14448,-8160,884,-200,-8366,-18460,66.2,
-14232,-5640,2432,1644,6189,5125,67.8,
-13240,-14036,7144,-17400,6846,32767,65.2,
-19516,-6064,9552,13742,15757,25083,65.6,
-13944,-9500,11704,16481,7429,10023,61.8,
-12612,-6544,10196,10788,-3220,669,62.8,
-20816,-12648,1292,32767,-6298,-11835,63.9,
-17128,-1660,-4624,5021,-13421,-3603,67.9,
-18244,-7656,-8796,22374,-3053,-2612,66.0,
-12368,-7656,-4824,5242,2500,-7232,66.1,
-12704,-18492,-2208,32767,18712,-9866,66.2,
-22500,-2904,-2896,17251,-10981,-5490,68.1,
-14788,-4024,-836,-27146,-14175,-14109,78.4,
-12716,-8012,1636,-4119,-537,-9722,65.5,
-10620,-7336,2132,15283,3959,10265,68.9,
-16576,-500,2252,-14601,1577,15018,63.6,
-16036,-9196,5672,4518,4259,6105,64.3,
-14312,-4028,3184,6346,5499,329,71.8,
-14908,-4420,2984,4172,4260,1578,67.9,
-13128,-4004,3432,1719,1251,17,68.9,
-14264,-4844,2104,-765,-989,-1189,67.1,
-13844,-6244,2160,-2226,-8541,-10100,66.8,
-12880,-5940,804,6229,-4817,-8977,77.2,
-13088,-5644,1620,2978,-1106,-1976,60.1,
-21800,-3812,-868,-3703,1562,5435,66.0,
-11164,-8136,7092,-5647,7139,13190,69.1,
-18184,-1228,-520,4625,9346,9723,65.3,
-15492,-5448,3296,-9402,7245,5415,64.5,
-14196,-3584,3768,6503,10020,2376,66.0,
-12540,-2112,4456,2342,5361,1916,75.4,
-14232,-3324,5248,3417,1337,731,63.1,
-23424,-5248,3352,4368,-13332,1619,63.9,
-24516,-6408,1044,-9999,-22182,-13708,60.2,
-17380,-7536,1700,-8865,-17695,-22975,65.3,
-10880,-5752,-1284,4858,-8808,-21219,66.1,
-4436,-6056,-872,9457,-3765,-20147,57.1,1.0
-11904,-4236,-4056,7997,3221,-3582,65.5,1.0
-32768,-7380,9900,-6442,32767,32767,66.1,1.0
-32768,-10948,8304,-3529,32767,32767,65.7,1.0
-20464,-7752,4508,-18094,14658,25091,66.9,1.0
840,-9176,7896,7263,12426,11470,69.3,1.0
7996,-6716,14816,32767,1269,-5694,58.4,1.0
-32768,12956,-8876,9610,-32768,12960,62.5,1.0
-32768,-15320,6056,-32768,-32768,-32768,62.5,1.0
-32768,5216,-3692,32767,-32768,-32768,62.5,1.0
-11032,4628,-6604,24515,-25972,-32768,64.5,1.0
6724,244,-9152,2121,11032,17940,62.5,1.0
-11520,-11652,2260,9129,32767,32767,58.7,1.0
-29620,-28572,22784,-15947,32767,5276,66.4,1.0
-31784,2492,22268,-24837,8945,16835,52.3,1.0
-12968,12984,16912,-2692,23210,13351,68.3,1.0
8620,8388,11776,29756,16605,8871,70.2,1.0
-1440,4108,-696,10521,16318,31167,60.0,1.0
4916,17284,-13412,12900,-8101,26711,65.7,1.0
12148,3688,-9168,11921,-10830,24738,62.7,1.0
14860,-5528,-8496,14661,-6985,4619,78.4,1.0
19860,6108,-20076,14195,-22004,-1722,66.9,1.0
2216,2392,-19620,21067,-14390,-8194,67.8,1.0
-2972,240,-16156,10983,-4552,-2314,71.6,1.0
-2088,-8764,-16508,17384,6072,-2332,61.0,1.0
-1560,-1108,-19056,3044,-3642,-1702,81.0,1.0
1264,-2024,-26784,-7375,7734,-2682,59.0,1.0
720,-7120,-15812,-10640,3983,2186,64.4,1.0
828,-1428,-15208,4408,5359,3066,81.2,1.0
3768,-56,-16036,-3818,3427,3139,86.4,1.0
4968,-1668,-15892,1387,123,592,66.0,1.0
2800,-2324,-16344,2293,1680,-1161,70.6,1.0
2300,-5328,-13704,247,-597,-349,70.7,1.0
8568,-128,-16892,-850,-4421,209,74.7,1.0
2184,-2436,-16848,4504,-2768,-176,70.0,1.0
3744,-3472,-18336,-2675,-3544,-1712,85.3,1.0
2728,696,-16720,-6606,-2593,1455,81.5,1.0
1676,-1388,-16672,689,-1674,1511,80.2,1.0
2032,-1052,-16648,-3257,-1301,288,82.1,1.0
1480,-600,-17836,136,-1548,-284,78.8,1.0
928,-504,-16868,-1133,327,125,75.8,1.0
1248,-440,-17608,-1951,-633,290,63.2,1.0
452,344,-17308,28,-305,229,65.5,
1348,-324,-17580,747,-656,571,67.6,
140,-12,-17572,-1382,-321,-250,68.1,
300,1092,-18184,-3431,-1033,887,68.5,
216,252,-17100,-1203,-447,162,71.8,
432,892,-17068,-1107,-239,78,65.3,
368,400,-16948,-551,-544,67,70.0,
-792,356,-16772,-2084,-610,568,80.0,
1696,1900,-18568,-1189,-434,-558,75.3,
-520,1296,-16328,-877,217,-247,58.3,
36,1492,-17420,-883,32,207,67.1,
604,2092,-17056,-1294,173,-371,83.2,
152,1636,-16716,276,247,38,67.2,
-256,1024,-16536,70,-439,413,65.2,
772,1384,-16608,670,172,737,64.9,
240,1488,-17656,-1168,-284,-343,66.6,
1436,1624,-17636,90,315,-1076,64.6,
-1480,2856,-16748,1541,-86,82,65.1,
300,912,-17172,-1375,-453,103,69.7,
0,2244,-17140,-592,-435,440,64.2,
-36,1216,-17516,784,40,299,62.9,
560,1536,-17300,-968,156,-612,68.1,
-196,1112,-16920,-700,-321,-129,67.7,
268,1904,-17460,-1213,-597,131,58.9,
-1636,2600,-18212,783,317,22,71.9,
-180,1316,-16956,-271,-540,337,61.1,
68,2436,-17684,-909,-309,89,66.1,
440,2160,-17308,-208,-105,156,68.4,
192,-484,-16032,6756,861,-107,61.0,
180,-700,-17768,-1527,-556,323,69.6,
348,1840,-17048,2732,951,-776,63.2,
-220,-656,-16128,1254,-232,777,66.9,
-276,628,-18068,-4403,-834,-5,72.4,
-76,2384,-17004,-2144,-7,-209,64.5,
4,2152,-17516,-468,-80,201,65.8,
-1432,2756,-24340,-8478,4320,411,65.1,
2560,2312,-24960,-6132,19790,-4016,64.9,
7020,4152,-17632,-13169,25694,-7163,67.1,
9956,6936,-11204,-14421,20500,-13501,64.8,
11108,9476,-4948,-11632,15524,-17049,75.9,
7764,10328,-2964,-6365,12323,-18053,66.4,
532,10964,-1156,489,3653,-18350,64.0,
-7744,13680,-1532,-8218,-4004,-8203,75.2,
-7556,16008,-2496,-12131,-3192,3945,69.3,
4356,1332,6816,-19811,20035,11928,59.6,
-9020,-6572,21204,17004,28420,9155,69.0,
-6528,6012,12320,3214,16150,-9009,69.9,
-12016,2240,14736,4044,12366,-12327,68.7,
-15556,10380,11652,-1826,4081,-8482,63.3,
-11240,-784,3936,-1406,7148,-7705,65.5,
-15360,-800,8844,-1167,7680,-4337,69.2,
-14204,1560,2716,-2827,4823,-5404,76.8,
-15340,-1640,6176,-8044,9882,-2802,72.5,
-20388,-5140,4272,8198,6291,-59,66.4,
-12388,2496,5900,202,-12381,2744,66.3,
-5176,-2024,1992,-32768,-20196,5950,69.4,
-14488,-5096,3144,7676,14006,-4051,60.7,
-17408,-864,3984,-9490,3716,3336,72.5,
-26876,-2660,4292,7718,12137,8381,70.2,
-20088,-744,5172,-10603,-5259,-4911,70.7,
-15712,-2732,1992,-3804,-3624,-3372,65.6,
-12768,-7896,1512,13078,43,-6479,67.4,
-13212,-6992,1144,3377,0,-8257,67.8,
-7496,-7864,2796,7144,2675,-7980,66.2,
-9092,-4736,-376,5562,-1106,-9927,59.7,
-11692,-10548,2684,-1377,4854,-9743,62.0,
-11592,-8980,1624,19342,8973,-9451,65.0,
-11480,-6032,1436,13568,7006,-3541,77.7,
-11904,-7304,4532,13455,8245,2051,63.7,
-16540,-2428,2176,2766,4056,9869,63.8,
-16400,-4636,5056,-5844,2642,6227,68.4,
-14168,-2056,4596,4042,3773,4026,68.1,
-13248,-2948,5332,9225,5608,123,78.6,
-12796,-4056,4908,13083,5195,-667,71.1,
-14232,-4308,152,-16818,-11216,-13922,68.1,
-10872,-9116,2584,-26,-575,-7651,67.5,
-9920,-7324,1120,14110,5268,2678,61.5,
-16320,-5804,2292,3531,7534,10577,61.1,
-12132,-6908,6084,-18694,4828,20276,68.7,
-17584,-7096,2476,9053,9091,6271,64.2,
-12608,-5312,5076,-4276,7985,-1826,69.1,
-12644,-5572,5060,15322,11215,-7796,66.1,
-13956,-1732,4864,13522,4924,-7854,62.8,
-14736,-4356,6704,6892,-626,-552,69.0,
-13012,-7792,-1520,-27329,-19672,-8097,67.6,
-11100,-7744,-236,-6117,-10284,-5608,68.1,
-10764,-5312,-1816,-14015,-12537,6173,66.4,
-14304,-12108,1268,-16583,-16203,14109,63.8,
-23448,-12564,-252,-24789,-23340,23888,61.2,
-12072,-11640,-2228,-32768,-26325,16698,71.3,
-10620,-10808,1272,2741,-8686,9663,63.7,
-12040,-5056,-528,3431,-819,11323,66.8,
-16308,-7888,-1784,-20620,-1682,16875,69.2,
-13856,-9892,2476,-9620,9617,9681,69.7,
-16692,-3268,9128,-40,7532,2606,67.4,
-17172,-4312,7856,5186,-1641,-4901,58.3,
-22364,-3580,-2000,5486,-15552,-9463,66.5,
